[
  {
    "id": 1,
    "characterId": 1,
    "cardNo": "001",
    "birthday": false
  },
  {
    "id": 2,
    "characterId": 1,
    "cardNo": "002",
    "birthday": false
  },
  {
    "id": 3,
    "characterId": 1,
    "cardNo": "003",
    "birthday": false
  },
  {
    "id": 4,
    "characterId": 1,
    "cardNo": "004",
    "birthday": false
  },
  {
    "id": 5,
    "characterId": 2,
    "cardNo": "001",
    "birthday": false
  },
  {
    "id": 6,
    "characterId": 2,
    "cardNo": "002",
    "birthday": false
  },
  {
    "id": 7,
    "characterId": 2,
    "cardNo": "003",
    "birthday": false
  },
  {
    "id": 8,
    "characterId": -1,
    "cardNo": "000",
    "birthday": false
  },
  {
    "id": 9,
    "characterId": 3,
    "cardNo": "001",
    "birthday": false
  },
  {
    "id": 10,
    "characterId": 3,
    "cardNo": "002",
    "birthday": false
  },
  {
    "id": 11,
    "characterId": 3,
    "cardNo": "003",
    "birthday": false
  },
  {
    "id": 12,
    "characterId": -1,
    "cardNo": "000",
    "birthday": false
  },
  {
    "id": 13,
    "characterId": 4,
    "cardNo": "001",
    "birthday": false
  },
  {
    "id": 14,
    "characterId": 4,
    "cardNo": "002",
    "birthday": false
  },
  {
    "id": 15,
    "characterId": 4,
    "cardNo": "003",
    "birthday": false
  },
  {
    "id": 16,
    "characterId": -1,
    "cardNo": "000",
    "birthday": false
  },
  {
    "id": 17,
    "characterId": 5,
    "cardNo": "001",
    "birthday": false
  },
  {
    "id": 18,
    "characterId": 5,
    "cardNo": "002",
    "birthday": false
  },
  {
    "id": 19,
    "characterId": 5,
    "cardNo": "003",
    "birthday": false
  },
  {
    "id": 20,
    "characterId": -1,
    "cardNo": "000",
    "birthday": false
  },
  {
    "id": 21,
    "characterId": 6,
    "cardNo": "001",
    "birthday": false
  },
  {
    "id": 22,
    "characterId": 6,
    "cardNo": "002",
    "birthday": false
  },
  {
    "id": 23,
    "characterId": 6,
    "cardNo": "003",
    "birthday": false
  },
  {
    "id": 24,
    "characterId": -1,
    "cardNo": "000",
    "birthday": false
  },
  {
    "id": 25,
    "characterId": 7,
    "cardNo": "001",
    "birthday": false
  },
  {
    "id": 26,
    "characterId": 7,
    "cardNo": "002",
    "birthday": false
  },
  {
    "id": 27,
    "characterId": 7,
    "cardNo": "003",
    "birthday": false
  },
  {
    "id": 28,
    "characterId": -1,
    "cardNo": "000",
    "birthday": false
  },
  {
    "id": 29,
    "characterId": 8,
    "cardNo": "001",
    "birthday": false
  },
  {
    "id": 30,
    "characterId": 8,
    "cardNo": "002",
    "birthday": false
  },
  {
    "id": 31,
    "characterId": 8,
    "cardNo": "003",
    "birthday": false
  },
  {
    "id": 32,
    "characterId": -1,
    "cardNo": "000",
    "birthday": false
  },
  {
    "id": 33,
    "characterId": 9,
    "cardNo": "001",
    "birthday": false
  },
  {
    "id": 34,
    "characterId": 9,
    "cardNo": "002",
    "birthday": false
  },
  {
    "id": 35,
    "characterId": 9,
    "cardNo": "003",
    "birthday": false
  },
  {
    "id": 36,
    "characterId": -1,
    "cardNo": "000",
    "birthday": false
  },
  {
    "id": 37,
    "characterId": 10,
    "cardNo": "001",
    "birthday": false
  },
  {
    "id": 38,
    "characterId": 10,
    "cardNo": "002",
    "birthday": false
  },
  {
    "id": 39,
    "characterId": 10,
    "cardNo": "003",
    "birthday": false
  },
  {
    "id": 40,
    "characterId": -1,
    "cardNo": "000",
    "birthday": false
  },
  {
    "id": 41,
    "characterId": 11,
    "cardNo": "001",
    "birthday": false
  },
  {
    "id": 42,
    "characterId": 11,
    "cardNo": "002",
    "birthday": false
  },
  {
    "id": 43,
    "characterId": 11,
    "cardNo": "003",
    "birthday": false
  },
  {
    "id": 44,
    "characterId": -1,
    "cardNo": "000",
    "birthday": false
  },
  {
    "id": 45,
    "characterId": 12,
    "cardNo": "001",
    "birthday": false
  },
  {
    "id": 46,
    "characterId": 12,
    "cardNo": "002",
    "birthday": false
  },
  {
    "id": 47,
    "characterId": 12,
    "cardNo": "003",
    "birthday": false
  },
  {
    "id": 48,
    "characterId": -1,
    "cardNo": "000",
    "birthday": false
  },
  {
    "id": 49,
    "characterId": 13,
    "cardNo": "001",
    "birthday": false
  },
  {
    "id": 50,
    "characterId": 13,
    "cardNo": "002",
    "birthday": false
  },
  {
    "id": 51,
    "characterId": 13,
    "cardNo": "003",
    "birthday": false
  },
  {
    "id": 52,
    "characterId": -1,
    "cardNo": "000",
    "birthday": false
  },
  {
    "id": 53,
    "characterId": 14,
    "cardNo": "001",
    "birthday": false
  },
  {
    "id": 54,
    "characterId": 14,
    "cardNo": "002",
    "birthday": false
  },
  {
    "id": 55,
    "characterId": 14,
    "cardNo": "003",
    "birthday": false
  },
  {
    "id": 56,
    "characterId": -1,
    "cardNo": "000",
    "birthday": false
  },
  {
    "id": 57,
    "characterId": 15,
    "cardNo": "001",
    "birthday": false
  },
  {
    "id": 58,
    "characterId": 15,
    "cardNo": "002",
    "birthday": false
  },
  {
    "id": 59,
    "characterId": 15,
    "cardNo": "003",
    "birthday": false
  },
  {
    "id": 60,
    "characterId": -1,
    "cardNo": "000",
    "birthday": false
  },
  {
    "id": 61,
    "characterId": 16,
    "cardNo": "001",
    "birthday": false
  },
  {
    "id": 62,
    "characterId": 16,
    "cardNo": "002",
    "birthday": false
  },
  {
    "id": 63,
    "characterId": 16,
    "cardNo": "003",
    "birthday": false
  },
  {
    "id": 64,
    "characterId": -1,
    "cardNo": "000",
    "birthday": false
  },
  {
    "id": 65,
    "characterId": 17,
    "cardNo": "001",
    "birthday": false
  },
  {
    "id": 66,
    "characterId": 17,
    "cardNo": "002",
    "birthday": false
  },
  {
    "id": 67,
    "characterId": 17,
    "cardNo": "003",
    "birthday": false
  },
  {
    "id": 68,
    "characterId": -1,
    "cardNo": "000",
    "birthday": false
  },
  {
    "id": 69,
    "characterId": 18,
    "cardNo": "001",
    "birthday": false
  },
  {
    "id": 70,
    "characterId": 18,
    "cardNo": "002",
    "birthday": false
  },
  {
    "id": 71,
    "characterId": 18,
    "cardNo": "003",
    "birthday": false
  },
  {
    "id": 72,
    "characterId": -1,
    "cardNo": "000",
    "birthday": false
  },
  {
    "id": 73,
    "characterId": 19,
    "cardNo": "001",
    "birthday": false
  },
  {
    "id": 74,
    "characterId": 19,
    "cardNo": "002",
    "birthday": false
  },
  {
    "id": 75,
    "characterId": 19,
    "cardNo": "003",
    "birthday": false
  },
  {
    "id": 76,
    "characterId": -1,
    "cardNo": "000",
    "birthday": false
  },
  {
    "id": 77,
    "characterId": 20,
    "cardNo": "001",
    "birthday": false
  },
  {
    "id": 78,
    "characterId": 20,
    "cardNo": "002",
    "birthday": false
  },
  {
    "id": 79,
    "characterId": 20,
    "cardNo": "003",
    "birthday": false
  },
  {
    "id": 80,
    "characterId": -1,
    "cardNo": "000",
    "birthday": false
  },
  {
    "id": 81,
    "characterId": 21,
    "cardNo": "001",
    "birthday": false
  },
  {
    "id": 82,
    "characterId": 21,
    "cardNo": "002",
    "birthday": false
  },
  {
    "id": 83,
    "characterId": 21,
    "cardNo": "003",
    "birthday": false
  },
  {
    "id": 84,
    "characterId": 21,
    "cardNo": "004",
    "birthday": false
  },
  {
    "id": 85,
    "characterId": 21,
    "cardNo": "005",
    "birthday": false
  },
  {
    "id": 86,
    "characterId": 21,
    "cardNo": "006",
    "birthday": false
  },
  {
    "id": 87,
    "characterId": 21,
    "cardNo": "007",
    "birthday": false
  },
  {
    "id": 88,
    "characterId": 21,
    "cardNo": "008",
    "birthday": false
  },
  {
    "id": 89,
    "characterId": 22,
    "cardNo": "001",
    "birthday": false
  },
  {
    "id": 90,
    "characterId": 22,
    "cardNo": "002",
    "birthday": false
  },
  {
    "id": 91,
    "characterId": 22,
    "cardNo": "003",
    "birthday": false
  },
  {
    "id": 92,
    "characterId": 22,
    "cardNo": "004",
    "birthday": false
  },
  {
    "id": 93,
    "characterId": 23,
    "cardNo": "001",
    "birthday": false
  },
  {
    "id": 94,
    "characterId": 23,
    "cardNo": "002",
    "birthday": false
  },
  {
    "id": 95,
    "characterId": 23,
    "cardNo": "003",
    "birthday": false
  },
  {
    "id": 96,
    "characterId": 23,
    "cardNo": "004",
    "birthday": false
  },
  {
    "id": 97,
    "characterId": 24,
    "cardNo": "001",
    "birthday": false
  },
  {
    "id": 98,
    "characterId": 24,
    "cardNo": "002",
    "birthday": false
  },
  {
    "id": 99,
    "characterId": 24,
    "cardNo": "003",
    "birthday": false
  },
  {
    "id": 100,
    "characterId": -1,
    "cardNo": "000",
    "birthday": false
  },
  {
    "id": 101,
    "characterId": 25,
    "cardNo": "001",
    "birthday": false
  },
  {
    "id": 102,
    "characterId": 25,
    "cardNo": "002",
    "birthday": false
  },
  {
    "id": 103,
    "characterId": 25,
    "cardNo": "003",
    "birthday": false
  },
  {
    "id": 104,
    "characterId": -1,
    "cardNo": "000",
    "birthday": false
  },
  {
    "id": 105,
    "characterId": 26,
    "cardNo": "001",
    "birthday": false
  },
  {
    "id": 106,
    "characterId": 26,
    "cardNo": "002",
    "birthday": false
  },
  {
    "id": 107,
    "characterId": 26,
    "cardNo": "003",
    "birthday": false
  },
  {
    "id": 108,
    "characterId": -1,
    "cardNo": "000",
    "birthday": false
  },
  {
    "id": 109,
    "characterId": 2,
    "cardNo": "005",
    "birthday": false
  },
  {
    "id": 110,
    "characterId": 24,
    "cardNo": "005",
    "birthday": false
  },
  {
    "id": 111,
    "characterId": 4,
    "cardNo": "005",
    "birthday": false
  },
  {
    "id": 112,
    "characterId": 3,
    "cardNo": "005",
    "birthday": false
  },
  {
    "id": 113,
    "characterId": 1,
    "cardNo": "005",
    "birthday": false
  },
  {
    "id": 114,
    "characterId": 18,
    "cardNo": "005",
    "birthday": false
  },
  {
    "id": 115,
    "characterId": 17,
    "cardNo": "005",
    "birthday": false
  },
  {
    "id": 116,
    "characterId": 21,
    "cardNo": "009",
    "birthday": false
  },
  {
    "id": 117,
    "characterId": 20,
    "cardNo": "005",
    "birthday": false
  },
  {
    "id": 118,
    "characterId": 19,
    "cardNo": "005",
    "birthday": false
  },
  {
    "id": 119,
    "characterId": 16,
    "cardNo": "005",
    "birthday": false
  },
  {
    "id": 120,
    "characterId": 13,
    "cardNo": "005",
    "birthday": false
  },
  {
    "id": 121,
    "characterId": 26,
    "cardNo": "006",
    "birthday": false
  },
  {
    "id": 122,
    "characterId": 14,
    "cardNo": "006",
    "birthday": false
  },
  {
    "id": 123,
    "characterId": 15,
    "cardNo": "005",
    "birthday": false
  },
  {
    "id": 124,
    "characterId": 14,
    "cardNo": "007",
    "birthday": false
  },
  {
    "id": 125,
    "characterId": 6,
    "cardNo": "005",
    "birthday": false
  },
  {
    "id": 126,
    "characterId": 21,
    "cardNo": "010",
    "birthday": false
  },
  {
    "id": 127,
    "characterId": 18,
    "cardNo": "006",
    "birthday": false
  },
  {
    "id": 128,
    "characterId": 2,
    "cardNo": "006",
    "birthday": false
  },
  {
    "id": 129,
    "characterId": 7,
    "cardNo": "005",
    "birthday": false
  },
  {
    "id": 130,
    "characterId": 5,
    "cardNo": "005",
    "birthday": false
  },
  {
    "id": 131,
    "characterId": 22,
    "cardNo": "005",
    "birthday": false
  },
  {
    "id": 132,
    "characterId": 8,
    "cardNo": "005",
    "birthday": false
  },
  {
    "id": 133,
    "characterId": 6,
    "cardNo": "006",
    "birthday": false
  },
  {
    "id": 134,
    "characterId": 10,
    "cardNo": "005",
    "birthday": false
  },
  {
    "id": 135,
    "characterId": 9,
    "cardNo": "005",
    "birthday": false
  },
  {
    "id": 136,
    "characterId": 11,
    "cardNo": "005",
    "birthday": false
  },
  {
    "id": 137,
    "characterId": 12,
    "cardNo": "005",
    "birthday": false
  },
  {
    "id": 138,
    "characterId": 25,
    "cardNo": "005",
    "birthday": false
  },
  {
    "id": 139,
    "characterId": 20,
    "cardNo": "006",
    "birthday": false
  },
  {
    "id": 140,
    "characterId": 26,
    "cardNo": "007",
    "birthday": false
  },
  {
    "id": 141,
    "characterId": 13,
    "cardNo": "006",
    "birthday": false
  },
  {
    "id": 142,
    "characterId": 15,
    "cardNo": "006",
    "birthday": false
  },
  {
    "id": 143,
    "characterId": 12,
    "cardNo": "006",
    "birthday": false
  },
  {
    "id": 144,
    "characterId": 15,
    "cardNo": "007",
    "birthday": false
  },
  {
    "id": 145,
    "characterId": 21,
    "cardNo": "011",
    "birthday": false
  },
  {
    "id": 146,
    "characterId": 25,
    "cardNo": "006",
    "birthday": false
  },
  {
    "id": 147,
    "characterId": 16,
    "cardNo": "006",
    "birthday": false
  },
  {
    "id": 148,
    "characterId": 14,
    "cardNo": "008",
    "birthday": false
  },
  {
    "id": 149,
    "characterId": 21,
    "cardNo": "012",
    "birthday": false
  },
  {
    "id": 150,
    "characterId": 23,
    "cardNo": "005",
    "birthday": false
  },
  {
    "id": 151,
    "characterId": 24,
    "cardNo": "006",
    "birthday": false
  },
  {
    "id": 152,
    "characterId": 19,
    "cardNo": "006",
    "birthday": false
  },
  {
    "id": 153,
    "characterId": 2,
    "cardNo": "007",
    "birthday": false
  },
  {
    "id": 154,
    "characterId": 13,
    "cardNo": "007",
    "birthday": false
  },
  {
    "id": 155,
    "characterId": 3,
    "cardNo": "006",
    "birthday": false
  },
  {
    "id": 156,
    "characterId": 25,
    "cardNo": "007",
    "birthday": false
  },
  {
    "id": 157,
    "characterId": 1,
    "cardNo": "006",
    "birthday": false
  },
  {
    "id": 158,
    "characterId": 2,
    "cardNo": "008",
    "birthday": false
  },
  {
    "id": 159,
    "characterId": 4,
    "cardNo": "006",
    "birthday": false
  },
  {
    "id": 160,
    "characterId": 8,
    "cardNo": "006",
    "birthday": false
  },
  {
    "id": 161,
    "characterId": 24,
    "cardNo": "007",
    "birthday": false
  },
  {
    "id": 162,
    "characterId": 7,
    "cardNo": "006",
    "birthday": false
  },
  {
    "id": 163,
    "characterId": 6,
    "cardNo": "007",
    "birthday": false
  },
  {
    "id": 164,
    "characterId": 5,
    "cardNo": "006",
    "birthday": false
  },
  {
    "id": 165,
    "characterId": 12,
    "cardNo": "007",
    "birthday": false
  },
  {
    "id": 166,
    "characterId": 11,
    "cardNo": "006",
    "birthday": false
  },
  {
    "id": 167,
    "characterId": 10,
    "cardNo": "006",
    "birthday": false
  },
  {
    "id": 168,
    "characterId": 9,
    "cardNo": "006",
    "birthday": false
  },
  {
    "id": 169,
    "characterId": 23,
    "cardNo": "006",
    "birthday": false
  },
  {
    "id": 170,
    "characterId": 4,
    "cardNo": "007",
    "birthday": false
  },
  {
    "id": 171,
    "characterId": 22,
    "cardNo": "006",
    "birthday": false
  },
  {
    "id": 172,
    "characterId": 3,
    "cardNo": "007",
    "birthday": false
  },
  {
    "id": 173,
    "characterId": 13,
    "cardNo": "008",
    "birthday": false
  },
  {
    "id": 174,
    "characterId": 16,
    "cardNo": "007",
    "birthday": false
  },
  {
    "id": 175,
    "characterId": 19,
    "cardNo": "007",
    "birthday": false
  },
  {
    "id": 176,
    "characterId": 18,
    "cardNo": "007",
    "birthday": false
  },
  {
    "id": 177,
    "characterId": 17,
    "cardNo": "006",
    "birthday": false
  },
  {
    "id": 178,
    "characterId": 22,
    "cardNo": "007",
    "birthday": false
  },
  {
    "id": 179,
    "characterId": 20,
    "cardNo": "007",
    "birthday": false
  },
  {
    "id": 180,
    "characterId": 14,
    "cardNo": "009",
    "birthday": false
  },
  {
    "id": 181,
    "characterId": 15,
    "cardNo": "008",
    "birthday": false
  },
  {
    "id": 182,
    "characterId": 16,
    "cardNo": "008",
    "birthday": false
  },
  {
    "id": 183,
    "characterId": 23,
    "cardNo": "007",
    "birthday": false
  },
  {
    "id": 184,
    "characterId": 13,
    "cardNo": "009",
    "birthday": false
  },
  {
    "id": 185,
    "characterId": 2,
    "cardNo": "009",
    "birthday": false
  },
  {
    "id": 186,
    "characterId": 13,
    "cardNo": "010",
    "birthday": false
  },
  {
    "id": 187,
    "characterId": 12,
    "cardNo": "008",
    "birthday": false
  },
  {
    "id": 188,
    "characterId": 24,
    "cardNo": "008",
    "birthday": false
  },
  {
    "id": 189,
    "characterId": 3,
    "cardNo": "008",
    "birthday": false
  },
  {
    "id": 190,
    "characterId": 5,
    "cardNo": "007",
    "birthday": false
  },
  {
    "id": 191,
    "characterId": 6,
    "cardNo": "008",
    "birthday": false
  },
  {
    "id": 192,
    "characterId": 8,
    "cardNo": "007",
    "birthday": false
  },
  {
    "id": 193,
    "characterId": 24,
    "cardNo": "009",
    "birthday": false
  },
  {
    "id": 194,
    "characterId": 7,
    "cardNo": "007",
    "birthday": false
  },
  {
    "id": 195,
    "characterId": 17,
    "cardNo": "007",
    "birthday": false
  },
  {
    "id": 196,
    "characterId": 18,
    "cardNo": "008",
    "birthday": false
  },
  {
    "id": 197,
    "characterId": 1,
    "cardNo": "007",
    "birthday": false
  },
  {
    "id": 198,
    "characterId": 21,
    "cardNo": "013",
    "birthday": false
  },
  {
    "id": 199,
    "characterId": 9,
    "cardNo": "007",
    "birthday": false
  },
  {
    "id": 200,
    "characterId": 5,
    "cardNo": "008",
    "birthday": false
  },
  {
    "id": 201,
    "characterId": 17,
    "cardNo": "008",
    "birthday": false
  },
  {
    "id": 202,
    "characterId": 20,
    "cardNo": "008",
    "birthday": false
  },
  {
    "id": 203,
    "characterId": 25,
    "cardNo": "008",
    "birthday": false
  },
  {
    "id": 204,
    "characterId": 19,
    "cardNo": "008",
    "birthday": false
  },
  {
    "id": 205,
    "characterId": 17,
    "cardNo": "009",
    "birthday": false
  },
  {
    "id": 206,
    "characterId": 18,
    "cardNo": "009",
    "birthday": false
  },
  {
    "id": 207,
    "characterId": 4,
    "cardNo": "008",
    "birthday": false
  },
  {
    "id": 208,
    "characterId": 3,
    "cardNo": "009",
    "birthday": false
  },
  {
    "id": 209,
    "characterId": 2,
    "cardNo": "010",
    "birthday": false
  },
  {
    "id": 210,
    "characterId": 1,
    "cardNo": "008",
    "birthday": false
  },
  {
    "id": 211,
    "characterId": 25,
    "cardNo": "009",
    "birthday": false
  },
  {
    "id": 212,
    "characterId": 11,
    "cardNo": "007",
    "birthday": false
  },
  {
    "id": 213,
    "characterId": 10,
    "cardNo": "007",
    "birthday": false
  },
  {
    "id": 214,
    "characterId": 26,
    "cardNo": "008",
    "birthday": false
  },
  {
    "id": 215,
    "characterId": 9,
    "cardNo": "008",
    "birthday": false
  },
  {
    "id": 216,
    "characterId": 12,
    "cardNo": "009",
    "birthday": false
  },
  {
    "id": 217,
    "characterId": 19,
    "cardNo": "009",
    "birthday": false
  },
  {
    "id": 218,
    "characterId": 7,
    "cardNo": "008",
    "birthday": false
  },
  {
    "id": 219,
    "characterId": 20,
    "cardNo": "009",
    "birthday": false
  },
  {
    "id": 220,
    "characterId": 16,
    "cardNo": "009",
    "birthday": false
  },
  {
    "id": 221,
    "characterId": 24,
    "cardNo": "010",
    "birthday": false
  },
  {
    "id": 222,
    "characterId": 6,
    "cardNo": "009",
    "birthday": false
  },
  {
    "id": 223,
    "characterId": 8,
    "cardNo": "008",
    "birthday": false
  },
  {
    "id": 224,
    "characterId": 5,
    "cardNo": "009",
    "birthday": false
  },
  {
    "id": 225,
    "characterId": 25,
    "cardNo": "010",
    "birthday": false
  },
  {
    "id": 226,
    "characterId": 7,
    "cardNo": "009",
    "birthday": false
  },
  {
    "id": 227,
    "characterId": 12,
    "cardNo": "010",
    "birthday": false
  },
  {
    "id": 228,
    "characterId": 16,
    "cardNo": "010",
    "birthday": false
  },
  {
    "id": 229,
    "characterId": 23,
    "cardNo": "008",
    "birthday": false
  },
  {
    "id": 230,
    "characterId": 11,
    "cardNo": "008",
    "birthday": false
  },
  {
    "id": 231,
    "characterId": 10,
    "cardNo": "008",
    "birthday": false
  },
  {
    "id": 232,
    "characterId": 13,
    "cardNo": "011",
    "birthday": false
  },
  {
    "id": 233,
    "characterId": 14,
    "cardNo": "010",
    "birthday": false
  },
  {
    "id": 234,
    "characterId": 15,
    "cardNo": "009",
    "birthday": false
  },
  {
    "id": 235,
    "characterId": 22,
    "cardNo": "008",
    "birthday": false
  },
  {
    "id": 236,
    "characterId": 26,
    "cardNo": "009",
    "birthday": false
  },
  {
    "id": 237,
    "characterId": 17,
    "cardNo": "010",
    "birthday": false
  },
  {
    "id": 238,
    "characterId": 24,
    "cardNo": "011",
    "birthday": false
  },
  {
    "id": 239,
    "characterId": 18,
    "cardNo": "010",
    "birthday": false
  },
  {
    "id": 240,
    "characterId": 20,
    "cardNo": "010",
    "birthday": false
  },
  {
    "id": 241,
    "characterId": 19,
    "cardNo": "010",
    "birthday": false
  },
  {
    "id": 242,
    "characterId": 6,
    "cardNo": "010",
    "birthday": false
  },
  {
    "id": 243,
    "characterId": 7,
    "cardNo": "010",
    "birthday": false
  },
  {
    "id": 244,
    "characterId": 2,
    "cardNo": "011",
    "birthday": false
  },
  {
    "id": 245,
    "characterId": 22,
    "cardNo": "009",
    "birthday": false
  },
  {
    "id": 246,
    "characterId": 4,
    "cardNo": "009",
    "birthday": false
  },
  {
    "id": 247,
    "characterId": 3,
    "cardNo": "010",
    "birthday": false
  },
  {
    "id": 248,
    "characterId": 1,
    "cardNo": "009",
    "birthday": false
  },
  {
    "id": 249,
    "characterId": 9,
    "cardNo": "009",
    "birthday": false
  },
  {
    "id": 250,
    "characterId": 10,
    "cardNo": "009",
    "birthday": false
  },
  {
    "id": 251,
    "characterId": 25,
    "cardNo": "011",
    "birthday": false
  },
  {
    "id": 252,
    "characterId": 12,
    "cardNo": "011",
    "birthday": false
  },
  {
    "id": 253,
    "characterId": 22,
    "cardNo": "010",
    "birthday": false
  },
  {
    "id": 254,
    "characterId": 11,
    "cardNo": "009",
    "birthday": false
  },
  {
    "id": 255,
    "characterId": 19,
    "cardNo": "011",
    "birthday": false
  },
  {
    "id": 256,
    "characterId": 23,
    "cardNo": "009",
    "birthday": false
  },
  {
    "id": 257,
    "characterId": 7,
    "cardNo": "011",
    "birthday": false
  },
  {
    "id": 258,
    "characterId": 20,
    "cardNo": "011",
    "birthday": false
  },
  {
    "id": 259,
    "characterId": 3,
    "cardNo": "011",
    "birthday": false
  },
  {
    "id": 260,
    "characterId": 2,
    "cardNo": "012",
    "birthday": false
  },
  {
    "id": 261,
    "characterId": 14,
    "cardNo": "011",
    "birthday": false
  },
  {
    "id": 262,
    "characterId": 21,
    "cardNo": "014",
    "birthday": false
  },
  {
    "id": 263,
    "characterId": 9,
    "cardNo": "010",
    "birthday": false
  },
  {
    "id": 264,
    "characterId": 7,
    "cardNo": "012",
    "birthday": false
  },
  {
    "id": 265,
    "characterId": 23,
    "cardNo": "010",
    "birthday": false
  },
  {
    "id": 266,
    "characterId": 6,
    "cardNo": "011",
    "birthday": false
  },
  {
    "id": 267,
    "characterId": 8,
    "cardNo": "009",
    "birthday": false
  },
  {
    "id": 268,
    "characterId": 5,
    "cardNo": "010",
    "birthday": false
  },
  {
    "id": 269,
    "characterId": 15,
    "cardNo": "010",
    "birthday": false
  },
  {
    "id": 270,
    "characterId": 16,
    "cardNo": "011",
    "birthday": false
  },
  {
    "id": 271,
    "characterId": 24,
    "cardNo": "012",
    "birthday": false
  },
  {
    "id": 272,
    "characterId": 26,
    "cardNo": "010",
    "birthday": false
  },
  {
    "id": 273,
    "characterId": 14,
    "cardNo": "012",
    "birthday": false
  },
  {
    "id": 274,
    "characterId": 8,
    "cardNo": "010",
    "birthday": false
  },
  {
    "id": 275,
    "characterId": 4,
    "cardNo": "010",
    "birthday": false
  },
  {
    "id": 276,
    "characterId": 25,
    "cardNo": "012",
    "birthday": false
  },
  {
    "id": 277,
    "characterId": 21,
    "cardNo": "015",
    "birthday": false
  },
  {
    "id": 278,
    "characterId": 18,
    "cardNo": "011",
    "birthday": false
  },
  {
    "id": 279,
    "characterId": 1,
    "cardNo": "010",
    "birthday": false
  },
  {
    "id": 280,
    "characterId": 26,
    "cardNo": "011",
    "birthday": false
  },
  {
    "id": 281,
    "characterId": 3,
    "cardNo": "012",
    "birthday": false
  },
  {
    "id": 282,
    "characterId": 4,
    "cardNo": "011",
    "birthday": false
  },
  {
    "id": 283,
    "characterId": 2,
    "cardNo": "013",
    "birthday": false
  },
  {
    "id": 284,
    "characterId": 18,
    "cardNo": "012",
    "birthday": false
  },
  {
    "id": 285,
    "characterId": 20,
    "cardNo": "012",
    "birthday": false
  },
  {
    "id": 286,
    "characterId": 22,
    "cardNo": "011",
    "birthday": false
  },
  {
    "id": 287,
    "characterId": 19,
    "cardNo": "012",
    "birthday": false
  },
  {
    "id": 288,
    "characterId": 17,
    "cardNo": "011",
    "birthday": false
  },
  {
    "id": 289,
    "characterId": 21,
    "cardNo": "016",
    "birthday": false
  },
  {
    "id": 290,
    "characterId": 1,
    "cardNo": "011",
    "birthday": false
  },
  {
    "id": 291,
    "characterId": 5,
    "cardNo": "011",
    "birthday": false
  },
  {
    "id": 292,
    "characterId": 9,
    "cardNo": "011",
    "birthday": false
  },
  {
    "id": 293,
    "characterId": 13,
    "cardNo": "012",
    "birthday": false
  },
  {
    "id": 294,
    "characterId": 17,
    "cardNo": "012",
    "birthday": false
  },
  {
    "id": 295,
    "characterId": 6,
    "cardNo": "012",
    "birthday": true
  },
  {
    "id": 296,
    "characterId": 10,
    "cardNo": "010",
    "birthday": false
  },
  {
    "id": 297,
    "characterId": 12,
    "cardNo": "012",
    "birthday": false
  },
  {
    "id": 298,
    "characterId": 21,
    "cardNo": "017",
    "birthday": false
  },
  {
    "id": 299,
    "characterId": 23,
    "cardNo": "011",
    "birthday": false
  },
  {
    "id": 300,
    "characterId": 11,
    "cardNo": "010",
    "birthday": false
  },
  {
    "id": 301,
    "characterId": 16,
    "cardNo": "012",
    "birthday": false
  },
  {
    "id": 302,
    "characterId": 14,
    "cardNo": "013",
    "birthday": false
  },
  {
    "id": 303,
    "characterId": 15,
    "cardNo": "011",
    "birthday": false
  },
  {
    "id": 304,
    "characterId": 13,
    "cardNo": "013",
    "birthday": false
  },
  {
    "id": 305,
    "characterId": 22,
    "cardNo": "012",
    "birthday": false
  },
  {
    "id": 306,
    "characterId": 3,
    "cardNo": "013",
    "birthday": true
  },
  {
    "id": 307,
    "characterId": 20,
    "cardNo": "013",
    "birthday": false
  },
  {
    "id": 308,
    "characterId": 19,
    "cardNo": "013",
    "birthday": false
  },
  {
    "id": 309,
    "characterId": 17,
    "cardNo": "013",
    "birthday": false
  },
  {
    "id": 310,
    "characterId": 25,
    "cardNo": "013",
    "birthday": false
  },
  {
    "id": 311,
    "characterId": 18,
    "cardNo": "013",
    "birthday": false
  },
  {
    "id": 312,
    "characterId": 25,
    "cardNo": "014",
    "birthday": true
  },
  {
    "id": 313,
    "characterId": 3,
    "cardNo": "014",
    "birthday": false
  },
  {
    "id": 314,
    "characterId": 4,
    "cardNo": "012",
    "birthday": false
  },
  {
    "id": 315,
    "characterId": 2,
    "cardNo": "014",
    "birthday": false
  },
  {
    "id": 316,
    "characterId": 1,
    "cardNo": "012",
    "birthday": false
  },
  {
    "id": 317,
    "characterId": 23,
    "cardNo": "012",
    "birthday": false
  },
  {
    "id": 318,
    "characterId": 11,
    "cardNo": "011",
    "birthday": true
  },
  {
    "id": 319,
    "characterId": 9,
    "cardNo": "012",
    "birthday": false
  },
  {
    "id": 320,
    "characterId": 24,
    "cardNo": "013",
    "birthday": false
  },
  {
    "id": 321,
    "characterId": 6,
    "cardNo": "013",
    "birthday": false
  },
  {
    "id": 322,
    "characterId": 10,
    "cardNo": "011",
    "birthday": false
  },
  {
    "id": 323,
    "characterId": 8,
    "cardNo": "011",
    "birthday": false
  },
  {
    "id": 324,
    "characterId": 18,
    "cardNo": "014",
    "birthday": false
  },
  {
    "id": 325,
    "characterId": 1,
    "cardNo": "013",
    "birthday": false
  },
  {
    "id": 326,
    "characterId": 21,
    "cardNo": "018",
    "birthday": false
  },
  {
    "id": 327,
    "characterId": 17,
    "cardNo": "014",
    "birthday": false
  },
  {
    "id": 328,
    "characterId": 3,
    "cardNo": "015",
    "birthday": false
  },
  {
    "id": 329,
    "characterId": 8,
    "cardNo": "012",
    "birthday": true
  },
  {
    "id": 330,
    "characterId": 5,
    "cardNo": "012",
    "birthday": false
  },
  {
    "id": 331,
    "characterId": 7,
    "cardNo": "013",
    "birthday": false
  },
  {
    "id": 332,
    "characterId": 8,
    "cardNo": "013",
    "birthday": false
  },
  {
    "id": 333,
    "characterId": 26,
    "cardNo": "012",
    "birthday": false
  },
  {
    "id": 334,
    "characterId": 6,
    "cardNo": "014",
    "birthday": false
  },
  {
    "id": 335,
    "characterId": 22,
    "cardNo": "013",
    "birthday": false
  },
  {
    "id": 336,
    "characterId": 23,
    "cardNo": "013",
    "birthday": false
  },
  {
    "id": 337,
    "characterId": 24,
    "cardNo": "014",
    "birthday": false
  },
  {
    "id": 338,
    "characterId": 25,
    "cardNo": "015",
    "birthday": false
  },
  {
    "id": 339,
    "characterId": 26,
    "cardNo": "013",
    "birthday": false
  },
  {
    "id": 340,
    "characterId": 21,
    "cardNo": "019",
    "birthday": false
  },
  {
    "id": 341,
    "characterId": 12,
    "cardNo": "013",
    "birthday": false
  },
  {
    "id": 342,
    "characterId": 11,
    "cardNo": "012",
    "birthday": false
  },
  {
    "id": 343,
    "characterId": 10,
    "cardNo": "012",
    "birthday": false
  },
  {
    "id": 344,
    "characterId": 24,
    "cardNo": "015",
    "birthday": false
  },
  {
    "id": 345,
    "characterId": 9,
    "cardNo": "013",
    "birthday": false
  },
  {
    "id": 346,
    "characterId": 22,
    "cardNo": "014",
    "birthday": true
  },
  {
    "id": 347,
    "characterId": 23,
    "cardNo": "014",
    "birthday": true
  },
  {
    "id": 348,
    "characterId": 15,
    "cardNo": "012",
    "birthday": false
  },
  {
    "id": 349,
    "characterId": 16,
    "cardNo": "013",
    "birthday": false
  },
  {
    "id": 350,
    "characterId": 6,
    "cardNo": "015",
    "birthday": false
  },
  {
    "id": 351,
    "characterId": 3,
    "cardNo": "016",
    "birthday": false
  },
  {
    "id": 352,
    "characterId": 9,
    "cardNo": "014",
    "birthday": false
  },
  {
    "id": 353,
    "characterId": 21,
    "cardNo": "020",
    "birthday": false
  },
  {
    "id": 354,
    "characterId": 4,
    "cardNo": "013",
    "birthday": false
  },
  {
    "id": 355,
    "characterId": 4,
    "cardNo": "014",
    "birthday": true
  },
  {
    "id": 356,
    "characterId": 14,
    "cardNo": "014",
    "birthday": false
  },
  {
    "id": 357,
    "characterId": 13,
    "cardNo": "014",
    "birthday": false
  },
  {
    "id": 358,
    "characterId": 25,
    "cardNo": "016",
    "birthday": false
  },
  {
    "id": 359,
    "characterId": 15,
    "cardNo": "013",
    "birthday": false
  },
  {
    "id": 360,
    "characterId": 16,
    "cardNo": "014",
    "birthday": false
  },
  {
    "id": 361,
    "characterId": 17,
    "cardNo": "015",
    "birthday": false
  },
  {
    "id": 362,
    "characterId": 18,
    "cardNo": "015",
    "birthday": false
  },
  {
    "id": 363,
    "characterId": 20,
    "cardNo": "014",
    "birthday": false
  },
  {
    "id": 364,
    "characterId": 19,
    "cardNo": "014",
    "birthday": false
  },
  {
    "id": 365,
    "characterId": 21,
    "cardNo": "021",
    "birthday": false
  },
  {
    "id": 366,
    "characterId": 18,
    "cardNo": "016",
    "birthday": true
  },
  {
    "id": 367,
    "characterId": 24,
    "cardNo": "016",
    "birthday": true
  },
  {
    "id": 368,
    "characterId": 7,
    "cardNo": "014",
    "birthday": false
  },
  {
    "id": 369,
    "characterId": 2,
    "cardNo": "015",
    "birthday": false
  },
  {
    "id": 370,
    "characterId": 14,
    "cardNo": "015",
    "birthday": false
  },
  {
    "id": 371,
    "characterId": 22,
    "cardNo": "015",
    "birthday": false
  },
  {
    "id": 372,
    "characterId": 8,
    "cardNo": "014",
    "birthday": false
  },
  {
    "id": 373,
    "characterId": 9,
    "cardNo": "015",
    "birthday": false
  },
  {
    "id": 374,
    "characterId": 12,
    "cardNo": "014",
    "birthday": false
  },
  {
    "id": 375,
    "characterId": 23,
    "cardNo": "015",
    "birthday": false
  },
  {
    "id": 376,
    "characterId": 10,
    "cardNo": "013",
    "birthday": false
  },
  {
    "id": 377,
    "characterId": 11,
    "cardNo": "013",
    "birthday": false
  },
  {
    "id": 378,
    "characterId": 17,
    "cardNo": "016",
    "birthday": true
  },
  {
    "id": 379,
    "characterId": 26,
    "cardNo": "014",
    "birthday": true
  },
  {
    "id": 380,
    "characterId": 4,
    "cardNo": "015",
    "birthday": false
  },
  {
    "id": 381,
    "characterId": 1,
    "cardNo": "014",
    "birthday": false
  },
  {
    "id": 382,
    "characterId": 26,
    "cardNo": "015",
    "birthday": false
  },
  {
    "id": 383,
    "characterId": 2,
    "cardNo": "016",
    "birthday": false
  },
  {
    "id": 384,
    "characterId": 3,
    "cardNo": "017",
    "birthday": false
  },
  {
    "id": 385,
    "characterId": 13,
    "cardNo": "015",
    "birthday": false
  },
  {
    "id": 386,
    "characterId": 11,
    "cardNo": "014",
    "birthday": false
  },
  {
    "id": 387,
    "characterId": 20,
    "cardNo": "015",
    "birthday": false
  },
  {
    "id": 388,
    "characterId": 4,
    "cardNo": "016",
    "birthday": false
  },
  {
    "id": 389,
    "characterId": 23,
    "cardNo": "016",
    "birthday": false
  },
  {
    "id": 390,
    "characterId": 9,
    "cardNo": "016",
    "birthday": true
  },
  {
    "id": 391,
    "characterId": 8,
    "cardNo": "015",
    "birthday": false
  },
  {
    "id": 392,
    "characterId": 5,
    "cardNo": "013",
    "birthday": false
  },
  {
    "id": 393,
    "characterId": 21,
    "cardNo": "022",
    "birthday": false
  },
  {
    "id": 394,
    "characterId": 6,
    "cardNo": "016",
    "birthday": false
  },
  {
    "id": 395,
    "characterId": 7,
    "cardNo": "015",
    "birthday": false
  },
  {
    "id": 396,
    "characterId": 7,
    "cardNo": "016",
    "birthday": true
  },
  {
    "id": 397,
    "characterId": 19,
    "cardNo": "015",
    "birthday": false
  },
  {
    "id": 398,
    "characterId": 17,
    "cardNo": "017",
    "birthday": false
  },
  {
    "id": 399,
    "characterId": 22,
    "cardNo": "016",
    "birthday": false
  },
  {
    "id": 400,
    "characterId": 18,
    "cardNo": "017",
    "birthday": false
  },
  {
    "id": 401,
    "characterId": 20,
    "cardNo": "016",
    "birthday": false
  },
  {
    "id": 402,
    "characterId": 10,
    "cardNo": "014",
    "birthday": false
  },
  {
    "id": 403,
    "characterId": 12,
    "cardNo": "015",
    "birthday": false
  },
  {
    "id": 404,
    "characterId": 21,
    "cardNo": "023",
    "birthday": false
  },
  {
    "id": 405,
    "characterId": 23,
    "cardNo": "017",
    "birthday": false
  },
  {
    "id": 406,
    "characterId": 24,
    "cardNo": "017",
    "birthday": false
  },
  {
    "id": 407,
    "characterId": 26,
    "cardNo": "016",
    "birthday": false
  },
  {
    "id": 408,
    "characterId": 25,
    "cardNo": "017",
    "birthday": false
  },
  {
    "id": 409,
    "characterId": 22,
    "cardNo": "017",
    "birthday": false
  },
  {
    "id": 410,
    "characterId": 13,
    "cardNo": "016",
    "birthday": false
  },
  {
    "id": 411,
    "characterId": 15,
    "cardNo": "014",
    "birthday": false
  },
  {
    "id": 412,
    "characterId": 16,
    "cardNo": "015",
    "birthday": false
  },
  {
    "id": 413,
    "characterId": 14,
    "cardNo": "016",
    "birthday": false
  },
  {
    "id": 414,
    "characterId": 21,
    "cardNo": "024",
    "birthday": false
  },
  {
    "id": 415,
    "characterId": 5,
    "cardNo": "014",
    "birthday": true
  },
  {
    "id": 416,
    "characterId": 1,
    "cardNo": "015",
    "birthday": false
  },
  {
    "id": 417,
    "characterId": 2,
    "cardNo": "017",
    "birthday": false
  },
  {
    "id": 418,
    "characterId": 3,
    "cardNo": "018",
    "birthday": false
  },
  {
    "id": 419,
    "characterId": 4,
    "cardNo": "017",
    "birthday": false
  },
  {
    "id": 420,
    "characterId": 24,
    "cardNo": "018",
    "birthday": false
  },
  {
    "id": 421,
    "characterId": 19,
    "cardNo": "016",
    "birthday": true
  },
  {
    "id": 422,
    "characterId": 6,
    "cardNo": "017",
    "birthday": false
  },
  {
    "id": 423,
    "characterId": 5,
    "cardNo": "015",
    "birthday": false
  },
  {
    "id": 424,
    "characterId": 22,
    "cardNo": "018",
    "birthday": false
  },
  {
    "id": 425,
    "characterId": 21,
    "cardNo": "025",
    "birthday": false
  },
  {
    "id": 426,
    "characterId": 8,
    "cardNo": "016",
    "birthday": false
  },
  {
    "id": 427,
    "characterId": 2,
    "cardNo": "018",
    "birthday": true
  },
  {
    "id": 428,
    "characterId": 16,
    "cardNo": "016",
    "birthday": false
  },
  {
    "id": 429,
    "characterId": 20,
    "cardNo": "017",
    "birthday": false
  },
  {
    "id": 430,
    "characterId": 24,
    "cardNo": "019",
    "birthday": false
  },
  {
    "id": 431,
    "characterId": 11,
    "cardNo": "015",
    "birthday": false
  },
  {
    "id": 432,
    "characterId": 19,
    "cardNo": "017",
    "birthday": false
  },
  {
    "id": 433,
    "characterId": 13,
    "cardNo": "017",
    "birthday": true
  },
  {
    "id": 434,
    "characterId": 11,
    "cardNo": "016",
    "birthday": false
  },
  {
    "id": 435,
    "characterId": 9,
    "cardNo": "017",
    "birthday": false
  },
  {
    "id": 436,
    "characterId": 26,
    "cardNo": "017",
    "birthday": false
  },
  {
    "id": 437,
    "characterId": 12,
    "cardNo": "016",
    "birthday": false
  },
  {
    "id": 438,
    "characterId": 10,
    "cardNo": "015",
    "birthday": false
  },
  {
    "id": 439,
    "characterId": 12,
    "cardNo": "017",
    "birthday": true
  },
  {
    "id": 440,
    "characterId": 10,
    "cardNo": "016",
    "birthday": false
  },
  {
    "id": 441,
    "characterId": 8,
    "cardNo": "017",
    "birthday": false
  },
  {
    "id": 442,
    "characterId": 25,
    "cardNo": "018",
    "birthday": false
  },
  {
    "id": 443,
    "characterId": 7,
    "cardNo": "017",
    "birthday": false
  },
  {
    "id": 444,
    "characterId": 9,
    "cardNo": "018",
    "birthday": false
  },
  {
    "id": 445,
    "characterId": 18,
    "cardNo": "018",
    "birthday": false
  },
  {
    "id": 446,
    "characterId": 20,
    "cardNo": "018",
    "birthday": false
  },
  {
    "id": 447,
    "characterId": 23,
    "cardNo": "018",
    "birthday": false
  },
  {
    "id": 448,
    "characterId": 19,
    "cardNo": "018",
    "birthday": false
  },
  {
    "id": 449,
    "characterId": 17,
    "cardNo": "018",
    "birthday": false
  },
  {
    "id": 450,
    "characterId": 15,
    "cardNo": "015",
    "birthday": false
  },
  {
    "id": 451,
    "characterId": 13,
    "cardNo": "018",
    "birthday": false
  },
  {
    "id": 452,
    "characterId": 14,
    "cardNo": "017",
    "birthday": false
  },
  {
    "id": 453,
    "characterId": 25,
    "cardNo": "019",
    "birthday": false
  },
  {
    "id": 454,
    "characterId": 16,
    "cardNo": "017",
    "birthday": false
  },
  {
    "id": 455,
    "characterId": 16,
    "cardNo": "018",
    "birthday": true
  },
  {
    "id": 456,
    "characterId": 3,
    "cardNo": "019",
    "birthday": false
  },
  {
    "id": 457,
    "characterId": 4,
    "cardNo": "018",
    "birthday": false
  },
  {
    "id": 458,
    "characterId": 17,
    "cardNo": "019",
    "birthday": false
  },
  {
    "id": 459,
    "characterId": 5,
    "cardNo": "016",
    "birthday": false
  },
  {
    "id": 460,
    "characterId": 19,
    "cardNo": "019",
    "birthday": false
  },
  {
    "id": 461,
    "characterId": 24,
    "cardNo": "020",
    "birthday": false
  },
  {
    "id": 462,
    "characterId": 1,
    "cardNo": "016",
    "birthday": false
  },
  {
    "id": 463,
    "characterId": 10,
    "cardNo": "017",
    "birthday": false
  },
  {
    "id": 464,
    "characterId": 11,
    "cardNo": "017",
    "birthday": false
  },
  {
    "id": 465,
    "characterId": 22,
    "cardNo": "019",
    "birthday": false
  },
  {
    "id": 466,
    "characterId": 9,
    "cardNo": "019",
    "birthday": false
  },
  {
    "id": 467,
    "characterId": 12,
    "cardNo": "018",
    "birthday": false
  },
  {
    "id": 468,
    "characterId": 15,
    "cardNo": "016",
    "birthday": true
  },
  {
    "id": 469,
    "characterId": 2,
    "cardNo": "019",
    "birthday": false
  },
  {
    "id": 470,
    "characterId": 1,
    "cardNo": "017",
    "birthday": false
  },
  {
    "id": 471,
    "characterId": 23,
    "cardNo": "019",
    "birthday": false
  },
  {
    "id": 472,
    "characterId": 26,
    "cardNo": "018",
    "birthday": false
  },
  {
    "id": 473,
    "characterId": 4,
    "cardNo": "019",
    "birthday": false
  },
  {
    "id": 474,
    "characterId": 10,
    "cardNo": "018",
    "birthday": true
  },
  {
    "id": 475,
    "characterId": 15,
    "cardNo": "017",
    "birthday": false
  },
  {
    "id": 476,
    "characterId": 14,
    "cardNo": "018",
    "birthday": false
  },
  {
    "id": 477,
    "characterId": 12,
    "cardNo": "019",
    "birthday": false
  },
  {
    "id": 478,
    "characterId": 11,
    "cardNo": "018",
    "birthday": false
  },
  {
    "id": 479,
    "characterId": 21,
    "cardNo": "026",
    "birthday": false
  },
  {
    "id": 480,
    "characterId": 1,
    "cardNo": "018",
    "birthday": true
  },
  {
    "id": 481,
    "characterId": 7,
    "cardNo": "018",
    "birthday": false
  },
  {
    "id": 482,
    "characterId": 8,
    "cardNo": "018",
    "birthday": false
  },
  {
    "id": 483,
    "characterId": 25,
    "cardNo": "020",
    "birthday": false
  },
  {
    "id": 484,
    "characterId": 5,
    "cardNo": "017",
    "birthday": false
  },
  {
    "id": 485,
    "characterId": 6,
    "cardNo": "018",
    "birthday": false
  },
  {
    "id": 486,
    "characterId": 20,
    "cardNo": "019",
    "birthday": false
  },
  {
    "id": 487,
    "characterId": 17,
    "cardNo": "020",
    "birthday": false
  },
  {
    "id": 488,
    "characterId": 18,
    "cardNo": "019",
    "birthday": false
  },
  {
    "id": 489,
    "characterId": 19,
    "cardNo": "020",
    "birthday": false
  },
  {
    "id": 490,
    "characterId": 24,
    "cardNo": "021",
    "birthday": false
  },
  {
    "id": 491,
    "characterId": 20,
    "cardNo": "020",
    "birthday": true
  },
  {
    "id": 492,
    "characterId": 21,
    "cardNo": "027",
    "birthday": true
  },
  {
    "id": 493,
    "characterId": 4,
    "cardNo": "020",
    "birthday": false
  },
  {
    "id": 494,
    "characterId": 1,
    "cardNo": "019",
    "birthday": false
  },
  {
    "id": 495,
    "characterId": 2,
    "cardNo": "020",
    "birthday": false
  },
  {
    "id": 496,
    "characterId": 22,
    "cardNo": "020",
    "birthday": false
  },
  {
    "id": 497,
    "characterId": 3,
    "cardNo": "020",
    "birthday": false
  },
  {
    "id": 498,
    "characterId": 14,
    "cardNo": "019",
    "birthday": true
  },
  {
    "id": 499,
    "characterId": 19,
    "cardNo": "021",
    "birthday": false
  },
  {
    "id": 500,
    "characterId": 3,
    "cardNo": "021",
    "birthday": false
  },
  {
    "id": 501,
    "characterId": 14,
    "cardNo": "020",
    "birthday": false
  },
  {
    "id": 502,
    "characterId": 23,
    "cardNo": "020",
    "birthday": false
  },
  {
    "id": 503,
    "characterId": 17,
    "cardNo": "021",
    "birthday": false
  },
  {
    "id": 504,
    "characterId": 12,
    "cardNo": "020",
    "birthday": false
  },
  {
    "id": 505,
    "characterId": 9,
    "cardNo": "020",
    "birthday": false
  },
  {
    "id": 506,
    "characterId": 26,
    "cardNo": "019",
    "birthday": false
  },
  {
    "id": 507,
    "characterId": 10,
    "cardNo": "019",
    "birthday": false
  },
  {
    "id": 508,
    "characterId": 11,
    "cardNo": "019",
    "birthday": false
  },
  {
    "id": 509,
    "characterId": 21,
    "cardNo": "028",
    "birthday": false
  },
  {
    "id": 510,
    "characterId": 24,
    "cardNo": "022",
    "birthday": false
  },
  {
    "id": 511,
    "characterId": 18,
    "cardNo": "020",
    "birthday": false
  },
  {
    "id": 512,
    "characterId": 8,
    "cardNo": "019",
    "birthday": false
  },
  {
    "id": 513,
    "characterId": 11,
    "cardNo": "020",
    "birthday": false
  },
  {
    "id": 514,
    "characterId": 16,
    "cardNo": "019",
    "birthday": false
  },
  {
    "id": 515,
    "characterId": 3,
    "cardNo": "022",
    "birthday": false
  },
  {
    "id": 516,
    "characterId": 6,
    "cardNo": "019",
    "birthday": true
  },
  {
    "id": 517,
    "characterId": 5,
    "cardNo": "018",
    "birthday": false
  },
  {
    "id": 518,
    "characterId": 6,
    "cardNo": "020",
    "birthday": false
  },
  {
    "id": 519,
    "characterId": 7,
    "cardNo": "019",
    "birthday": false
  },
  {
    "id": 520,
    "characterId": 8,
    "cardNo": "020",
    "birthday": false
  },
  {
    "id": 521,
    "characterId": 26,
    "cardNo": "020",
    "birthday": false
  },
  {
    "id": 522,
    "characterId": 16,
    "cardNo": "020",
    "birthday": false
  },
  {
    "id": 523,
    "characterId": 13,
    "cardNo": "019",
    "birthday": false
  },
  {
    "id": 524,
    "characterId": 15,
    "cardNo": "018",
    "birthday": false
  },
  {
    "id": 525,
    "characterId": 21,
    "cardNo": "029",
    "birthday": false
  },
  {
    "id": 526,
    "characterId": 14,
    "cardNo": "021",
    "birthday": false
  },
  {
    "id": 527,
    "characterId": 3,
    "cardNo": "023",
    "birthday": true
  },
  {
    "id": 528,
    "characterId": 9,
    "cardNo": "021",
    "birthday": false
  },
  {
    "id": 529,
    "characterId": 4,
    "cardNo": "021",
    "birthday": false
  },
  {
    "id": 530,
    "characterId": 5,
    "cardNo": "019",
    "birthday": false
  },
  {
    "id": 531,
    "characterId": 6,
    "cardNo": "021",
    "birthday": false
  },
  {
    "id": 532,
    "characterId": 22,
    "cardNo": "021",
    "birthday": false
  },
  {
    "id": 533,
    "characterId": 25,
    "cardNo": "021",
    "birthday": true
  },
  {
    "id": 534,
    "characterId": 11,
    "cardNo": "021",
    "birthday": true
  },
  {
    "id": 535,
    "characterId": 1,
    "cardNo": "020",
    "birthday": false
  },
  {
    "id": 536,
    "characterId": 3,
    "cardNo": "024",
    "birthday": false
  },
  {
    "id": 537,
    "characterId": 21,
    "cardNo": "030",
    "birthday": false
  },
  {
    "id": 538,
    "characterId": 2,
    "cardNo": "021",
    "birthday": false
  },
  {
    "id": 539,
    "characterId": 26,
    "cardNo": "021",
    "birthday": false
  },
  {
    "id": 540,
    "characterId": 19,
    "cardNo": "022",
    "birthday": false
  },
  {
    "id": 541,
    "characterId": 17,
    "cardNo": "022",
    "birthday": false
  },
  {
    "id": 542,
    "characterId": 18,
    "cardNo": "021",
    "birthday": false
  },
  {
    "id": 543,
    "characterId": 20,
    "cardNo": "021",
    "birthday": false
  },
  {
    "id": 544,
    "characterId": 23,
    "cardNo": "021",
    "birthday": false
  },
  {
    "id": 545,
    "characterId": 6,
    "cardNo": "022",
    "birthday": false
  },
  {
    "id": 546,
    "characterId": 7,
    "cardNo": "020",
    "birthday": false
  },
  {
    "id": 547,
    "characterId": 25,
    "cardNo": "022",
    "birthday": false
  },
  {
    "id": 548,
    "characterId": 5,
    "cardNo": "020",
    "birthday": false
  },
  {
    "id": 549,
    "characterId": 8,
    "cardNo": "021",
    "birthday": false
  },
  {
    "id": 550,
    "characterId": 8,
    "cardNo": "022",
    "birthday": true
  },
  {
    "id": 551,
    "characterId": 11,
    "cardNo": "022",
    "birthday": false
  },
  {
    "id": 552,
    "characterId": 12,
    "cardNo": "021",
    "birthday": false
  },
  {
    "id": 553,
    "characterId": 24,
    "cardNo": "023",
    "birthday": false
  },
  {
    "id": 554,
    "characterId": 9,
    "cardNo": "022",
    "birthday": false
  },
  {
    "id": 555,
    "characterId": 10,
    "cardNo": "020",
    "birthday": false
  },
  {
    "id": 556,
    "characterId": 8,
    "cardNo": "023",
    "birthday": false
  },
  {
    "id": 557,
    "characterId": 18,
    "cardNo": "022",
    "birthday": false
  },
  {
    "id": 558,
    "characterId": 26,
    "cardNo": "022",
    "birthday": false
  },
  {
    "id": 559,
    "characterId": 7,
    "cardNo": "021",
    "birthday": false
  },
  {
    "id": 560,
    "characterId": 4,
    "cardNo": "022",
    "birthday": false
  },
  {
    "id": 561,
    "characterId": 22,
    "cardNo": "022",
    "birthday": true
  },
  {
    "id": 562,
    "characterId": 23,
    "cardNo": "022",
    "birthday": true
  },
  {
    "id": 563,
    "characterId": 19,
    "cardNo": "023",
    "birthday": false
  },
  {
    "id": 564,
    "characterId": 20,
    "cardNo": "022",
    "birthday": false
  },
  {
    "id": 565,
    "characterId": 13,
    "cardNo": "020",
    "birthday": false
  },
  {
    "id": 566,
    "characterId": 10,
    "cardNo": "021",
    "birthday": false
  },
  {
    "id": 567,
    "characterId": 22,
    "cardNo": "023",
    "birthday": false
  },
  {
    "id": 568,
    "characterId": 15,
    "cardNo": "019",
    "birthday": false
  },
  {
    "id": 569,
    "characterId": 11,
    "cardNo": "023",
    "birthday": false
  },
  {
    "id": 570,
    "characterId": 4,
    "cardNo": "023",
    "birthday": true
  },
  {
    "id": 571,
    "characterId": 14,
    "cardNo": "022",
    "birthday": false
  },
  {
    "id": 572,
    "characterId": 16,
    "cardNo": "021",
    "birthday": false
  },
  {
    "id": 573,
    "characterId": 23,
    "cardNo": "023",
    "birthday": false
  },
  {
    "id": 574,
    "characterId": 13,
    "cardNo": "021",
    "birthday": false
  },
  {
    "id": 575,
    "characterId": 15,
    "cardNo": "020",
    "birthday": false
  },
  {
    "id": 576,
    "characterId": 3,
    "cardNo": "025",
    "birthday": false
  },
  {
    "id": 577,
    "characterId": 2,
    "cardNo": "022",
    "birthday": false
  },
  {
    "id": 578,
    "characterId": 4,
    "cardNo": "024",
    "birthday": false
  },
  {
    "id": 579,
    "characterId": 21,
    "cardNo": "031",
    "birthday": false
  },
  {
    "id": 580,
    "characterId": 1,
    "cardNo": "021",
    "birthday": false
  },
  {
    "id": 581,
    "characterId": 18,
    "cardNo": "023",
    "birthday": true
  },
  {
    "id": 582,
    "characterId": 24,
    "cardNo": "024",
    "birthday": true
  },
  {
    "id": 583,
    "characterId": 1,
    "cardNo": "022",
    "birthday": false
  },
  {
    "id": 584,
    "characterId": 15,
    "cardNo": "021",
    "birthday": false
  },
  {
    "id": 585,
    "characterId": 17,
    "cardNo": "023",
    "birthday": false
  },
  {
    "id": 586,
    "characterId": 3,
    "cardNo": "026",
    "birthday": false
  },
  {
    "id": 587,
    "characterId": 23,
    "cardNo": "024",
    "birthday": false
  },
  {
    "id": 588,
    "characterId": 17,
    "cardNo": "024",
    "birthday": true
  },
  {
    "id": 589,
    "characterId": 8,
    "cardNo": "024",
    "birthday": false
  },
  {
    "id": 590,
    "characterId": 5,
    "cardNo": "021",
    "birthday": false
  },
  {
    "id": 591,
    "characterId": 7,
    "cardNo": "022",
    "birthday": false
  },
  {
    "id": 592,
    "characterId": 6,
    "cardNo": "023",
    "birthday": false
  },
  {
    "id": 593,
    "characterId": 25,
    "cardNo": "023",
    "birthday": false
  },
  {
    "id": 594,
    "characterId": 26,
    "cardNo": "023",
    "birthday": true
  },
  {
    "id": 595,
    "characterId": 9,
    "cardNo": "023",
    "birthday": false
  },
  {
    "id": 596,
    "characterId": 10,
    "cardNo": "022",
    "birthday": false
  },
  {
    "id": 597,
    "characterId": 11,
    "cardNo": "024",
    "birthday": false
  },
  {
    "id": 598,
    "characterId": 12,
    "cardNo": "022",
    "birthday": false
  },
  {
    "id": 599,
    "characterId": 24,
    "cardNo": "025",
    "birthday": false
  },
  {
    "id": 600,
    "characterId": 12,
    "cardNo": "023",
    "birthday": false
  },
  {
    "id": 601,
    "characterId": 16,
    "cardNo": "022",
    "birthday": false
  },
  {
    "id": 602,
    "characterId": 26,
    "cardNo": "024",
    "birthday": false
  },
  {
    "id": 603,
    "characterId": 21,
    "cardNo": "032",
    "birthday": false
  },
  {
    "id": 604,
    "characterId": 2,
    "cardNo": "023",
    "birthday": false
  },
  {
    "id": 605,
    "characterId": 9,
    "cardNo": "024",
    "birthday": true
  },
  {
    "id": 606,
    "characterId": 13,
    "cardNo": "022",
    "birthday": false
  },
  {
    "id": 607,
    "characterId": 14,
    "cardNo": "023",
    "birthday": false
  },
  {
    "id": 608,
    "characterId": 15,
    "cardNo": "022",
    "birthday": false
  },
  {
    "id": 609,
    "characterId": 16,
    "cardNo": "023",
    "birthday": false
  },
  {
    "id": 610,
    "characterId": 25,
    "cardNo": "024",
    "birthday": false
  },
  {
    "id": 611,
    "characterId": 7,
    "cardNo": "023",
    "birthday": true
  },
  {
    "id": 612,
    "characterId": 17,
    "cardNo": "025",
    "birthday": false
  },
  {
    "id": 613,
    "characterId": 19,
    "cardNo": "024",
    "birthday": false
  },
  {
    "id": 614,
    "characterId": 20,
    "cardNo": "023",
    "birthday": false
  },
  {
    "id": 615,
    "characterId": 26,
    "cardNo": "025",
    "birthday": false
  },
  {
    "id": 616,
    "characterId": 18,
    "cardNo": "024",
    "birthday": false
  },
  {
    "id": 617,
    "characterId": 22,
    "cardNo": "024",
    "birthday": false
  },
  {
    "id": 618,
    "characterId": 23,
    "cardNo": "025",
    "birthday": false
  },
  {
    "id": 619,
    "characterId": 4,
    "cardNo": "025",
    "birthday": false
  },
  {
    "id": 620,
    "characterId": 10,
    "cardNo": "023",
    "birthday": false
  },
  {
    "id": 621,
    "characterId": 19,
    "cardNo": "025",
    "birthday": false
  },
  {
    "id": 622,
    "characterId": 21,
    "cardNo": "033",
    "birthday": false
  },
  {
    "id": 623,
    "characterId": 15,
    "cardNo": "023",
    "birthday": false
  },
  {
    "id": 624,
    "characterId": 2,
    "cardNo": "024",
    "birthday": false
  },
  {
    "id": 625,
    "characterId": 3,
    "cardNo": "027",
    "birthday": false
  },
  {
    "id": 626,
    "characterId": 25,
    "cardNo": "025",
    "birthday": false
  },
  {
    "id": 627,
    "characterId": 1,
    "cardNo": "023",
    "birthday": false
  },
  {
    "id": 628,
    "characterId": 4,
    "cardNo": "026",
    "birthday": false
  },
  {
    "id": 629,
    "characterId": 5,
    "cardNo": "022",
    "birthday": true
  },
  {
    "id": 630,
    "characterId": 7,
    "cardNo": "024",
    "birthday": false
  },
  {
    "id": 631,
    "characterId": 6,
    "cardNo": "024",
    "birthday": false
  },
  {
    "id": 632,
    "characterId": 8,
    "cardNo": "025",
    "birthday": false
  },
  {
    "id": 633,
    "characterId": 26,
    "cardNo": "026",
    "birthday": false
  },
  {
    "id": 634,
    "characterId": 5,
    "cardNo": "023",
    "birthday": false
  }
]