[
  {
    "id": 1,
    "title": "雨上がりの一番星",
    "name": "event_stella_2020",
    "chapters": [
      {
        "title": "ひとりぼっちの雨模様",
        "assetName": "event_01_01"
      },
      {
        "title": "みんなと一緒に",
        "assetName": "event_01_02"
      },
      {
        "title": "星よりベース",
        "assetName": "event_01_03"
      },
      {
        "title": "デートの日まで",
        "assetName": "event_01_04"
      },
      {
        "title": "いつでもなんて",
        "assetName": "event_01_05"
      },
      {
        "title": "雨と夕暮れ",
        "assetName": "event_01_06"
      },
      {
        "title": "ゆっくり進もう",
        "assetName": "event_01_07"
      },
      {
        "title": "アタシ達の星空",
        "assetName": "event_01_08"
      }
    ],
    "cards": [
      109,
      110,
      111,
      112,
      113
    ]
  },
  {
    "id": 2,
    "title": "囚われのマリオネット",
    "name": "event_jackpod_2020",
    "chapters": [
      {
        "title": "感じていること",
        "assetName": "event_02_01"
      },
      {
        "title": "手渡されたチケット",
        "assetName": "event_02_02"
      },
      {
        "title": "もっと知りたくて",
        "assetName": "event_02_03"
      },
      {
        "title": "籠の中のマリオネット",
        "assetName": "event_02_04"
      },
      {
        "title": "同族嫌悪",
        "assetName": "event_02_05"
      },
      {
        "title": "夢見る人形",
        "assetName": "event_02_06"
      },
      {
        "title": "嫌なのも、痛いのも",
        "assetName": "event_02_07"
      },
      {
        "title": "わからない、けど",
        "assetName": "event_02_08"
      }
    ],
    "cards": [
      114,
      115,
      116,
      117,
      118
    ]
  },
  {
    "id": 3,
    "title": "全力！ワンダーハロウィン！",
    "name": "event_potato_2020",
    "chapters": [
      {
        "title": "新しい日常",
        "assetName": "event_03_01"
      },
      {
        "title": "ショーコンテスト！",
        "assetName": "event_03_02"
      },
      {
        "title": "思わぬ奈落",
        "assetName": "event_03_03"
      },
      {
        "title": "見えない変化",
        "assetName": "event_03_04"
      },
      {
        "title": "一番いい演出を",
        "assetName": "event_03_05"
      },
      {
        "title": "役者と演出家",
        "assetName": "event_03_06"
      },
      {
        "title": "僕達の全力で",
        "assetName": "event_03_07"
      },
      {
        "title": "お菓子があろうとなかろうと",
        "assetName": "event_03_08"
      }
    ],
    "cards": [
      119,
      120,
      121,
      122,
      123
    ]
  },
  {
    "id": 4,
    "title": "走れ！体育祭！～実行委員は大忙し～",
    "name": "event_sportsfestival_2020",
    "chapters": [
      {
        "title": "実行委員のすゝめ",
        "assetName": "event_04_01"
      },
      {
        "title": "ちょっと待った～～～！",
        "assetName": "event_04_02"
      },
      {
        "title": "行動開始！",
        "assetName": "event_04_03"
      },
      {
        "title": "センパイといっしょ",
        "assetName": "event_04_04"
      },
      {
        "title": "セカイのチアリーダー！",
        "assetName": "event_04_05"
      },
      {
        "title": "バトンをつないで",
        "assetName": "event_04_06"
      },
      {
        "title": "たくさんの『おめでとう』",
        "assetName": "event_04_07"
      },
      {
        "title": "明日また笑顔で",
        "assetName": "event_04_08"
      }
    ],
    "cards": [
      124,
      125,
      126,
      127,
      128
    ]
  },
  {
    "id": 5,
    "title": "ここからRE:START！",
    "name": "event_restart_2020",
    "chapters": [
      {
        "title": "わたしもアイドルに！",
        "assetName": "event_05_01"
      },
      {
        "title": "４人でスタート",
        "assetName": "event_05_02"
      },
      {
        "title": "不穏なウワサ",
        "assetName": "event_05_03"
      },
      {
        "title": "最終手段",
        "assetName": "event_05_04"
      },
      {
        "title": "理想と現実",
        "assetName": "event_05_05"
      },
      {
        "title": "どんな時も、笑顔で",
        "assetName": "event_05_06"
      },
      {
        "title": "新たな選択肢",
        "assetName": "event_05_07"
      },
      {
        "title": "わたし達の選ぶ道",
        "assetName": "event_05_08"
      }
    ],
    "cards": [
      129,
      130,
      131,
      132,
      133
    ]
  },
  {
    "id": 6,
    "title": "いつか、背中あわせのリリックを",
    "name": "event_forward_2020",
    "chapters": [
      {
        "title": "『STAY GOLD』",
        "assetName": "event_06_01"
      },
      {
        "title": "掻き消えた声",
        "assetName": "event_06_02"
      },
      {
        "title": "不協和音",
        "assetName": "event_06_03"
      },
      {
        "title": "敗北",
        "assetName": "event_06_04"
      },
      {
        "title": "幼馴染みのアドバイス",
        "assetName": "event_06_05"
      },
      {
        "title": "初心者同士",
        "assetName": "event_06_06"
      },
      {
        "title": "小さな一歩",
        "assetName": "event_06_07"
      },
      {
        "title": "相棒になるために",
        "assetName": "event_06_08"
      }
    ],
    "cards": [
      134,
      135,
      136,
      137,
      138
    ]
  },
  {
    "id": 7,
    "title": "KAMIKOU FESTIVAL！",
    "name": "event_culturalfestival_2020",
    "chapters": [
      {
        "title": "ボクと文化祭",
        "assetName": "event_07_01"
      },
      {
        "title": "発見！　弟くん！",
        "assetName": "event_07_02"
      },
      {
        "title": "演劇を見に行こう！",
        "assetName": "event_07_03"
      },
      {
        "title": "先輩を探そう！",
        "assetName": "event_07_04"
      },
      {
        "title": "お揃いのシャツ",
        "assetName": "event_07_05"
      },
      {
        "title": "いつかの文化祭",
        "assetName": "event_07_06"
      },
      {
        "title": "ふたりぼっちの屋上で",
        "assetName": "event_07_07"
      },
      {
        "title": "ボクの文化祭",
        "assetName": "event_07_08"
      }
    ],
    "cards": [
      139,
      140,
      141,
      142,
      143
    ]
  },
  {
    "id": 8,
    "title": "聖なる夜に、この歌声を",
    "name": "event_nijiiro_2020",
    "chapters": [
      {
        "title": "『スマイリング・クリスマス』",
        "assetName": "event_08_01"
      },
      {
        "title": "偵察！フェニックスステージ",
        "assetName": "event_08_02"
      },
      {
        "title": "あんな風には",
        "assetName": "event_08_03"
      },
      {
        "title": "昔のわたしの歌いかた",
        "assetName": "event_08_04"
      },
      {
        "title": "あの日見たショー",
        "assetName": "event_08_05"
      },
      {
        "title": "魔法をかけて",
        "assetName": "event_08_06"
      },
      {
        "title": "セカイの新団員！？",
        "assetName": "event_08_07"
      },
      {
        "title": "メリー・クリスマス！",
        "assetName": "event_08_08"
      }
    ],
    "cards": [
      144,
      145,
      146,
      147,
      148
    ]
  },
  {
    "id": 9,
    "title": "セカイのハッピーニューイヤー！",
    "name": "event_newyear_2020",
    "chapters": [
      {
        "title": "セカイの狭間で",
        "assetName": "event_09_01"
      },
      {
        "title": "大晦日のすごしかた",
        "assetName": "event_09_02"
      },
      {
        "title": "カウントダウンパーティー！",
        "assetName": "event_09_03"
      },
      {
        "title": "アイドル達のお正月♪",
        "assetName": "event_09_04"
      },
      {
        "title": "たまにはのんびり",
        "assetName": "event_09_05"
      },
      {
        "title": "羽根つきバトル！",
        "assetName": "event_09_06"
      },
      {
        "title": "最強チーム登場？",
        "assetName": "event_09_07"
      },
      {
        "title": "獅子舞ロボと遊ぼう！",
        "assetName": "event_09_08"
      },
      {
        "title": "獅子舞ロボ捕獲大作戦！",
        "assetName": "event_09_09"
      },
      {
        "title": "ミクと一緒に初詣",
        "assetName": "event_09_10"
      },
      {
        "title": "今年も、来年も",
        "assetName": "event_09_11"
      }
    ],
    "cards": [
      149,
      150,
      151,
      152,
      153,
      154
    ]
  },
  {
    "id": 10,
    "title": "揺れるまま、でも君は前へ",
    "name": "event_hareomatsu_2021",
    "chapters": [
      {
        "title": "もうひとりの先輩",
        "assetName": "event_10_01"
      },
      {
        "title": "バンドの柱",
        "assetName": "event_10_02"
      },
      {
        "title": "波乱の合唱祭！？",
        "assetName": "event_10_03"
      },
      {
        "title": "揺れる心",
        "assetName": "event_10_04"
      },
      {
        "title": "優しさと勇気と",
        "assetName": "event_10_05"
      },
      {
        "title": "わたしにできること",
        "assetName": "event_10_06"
      },
      {
        "title": "一歩前へ",
        "assetName": "event_10_07"
      },
      {
        "title": "光を胸に",
        "assetName": "event_10_08"
      }
    ],
    "cards": [
      155,
      156,
      157,
      158,
      159
    ]
  },
  {
    "id": 11,
    "title": "Color of Myself！",
    "name": "event_color_2021",
    "chapters": [
      {
        "title": "配信スタート！",
        "assetName": "event_11_01"
      },
      {
        "title": "セカイの新アイドル！？",
        "assetName": "event_11_02"
      },
      {
        "title": "崩れる“完璧”",
        "assetName": "event_11_03"
      },
      {
        "title": "作られたイメージ",
        "assetName": "event_11_04"
      },
      {
        "title": "望まれない“私”",
        "assetName": "event_11_05"
      },
      {
        "title": "飾らない言葉で",
        "assetName": "event_11_06"
      },
      {
        "title": "決断",
        "assetName": "event_11_07"
      },
      {
        "title": "ありのまま、あるがままに",
        "assetName": "event_11_08"
      }
    ],
    "cards": [
      160,
      161,
      162,
      163,
      164
    ]
  },
  {
    "id": 12,
    "title": "Period of NOCTURNE",
    "name": "event_nocturne_2021",
    "chapters": [
      {
        "title": "五線譜は交わらない",
        "assetName": "event_12_01"
      },
      {
        "title": "縛られた旋律",
        "assetName": "event_12_02"
      },
      {
        "title": "欠けているもの",
        "assetName": "event_12_03"
      },
      {
        "title": "届かない言葉",
        "assetName": "event_12_04"
      },
      {
        "title": "お互いの信じるもの",
        "assetName": "event_12_05"
      },
      {
        "title": "背を押す言葉",
        "assetName": "event_12_06"
      },
      {
        "title": "夜の終わりのカンタービレ",
        "assetName": "event_12_07"
      },
      {
        "title": "その手に掴みとった光",
        "assetName": "event_12_08"
      }
    ],
    "cards": [
      165,
      166,
      167,
      168,
      169
    ]
  },
  {
    "id": 13,
    "title": "響くトワイライトパレード",
    "name": "event_parade_2021",
    "chapters": [
      {
        "title": "決められない選択",
        "assetName": "event_13_01"
      },
      {
        "title": "交差する出会い",
        "assetName": "event_13_02"
      },
      {
        "title": "はじめまして！？わんだほい！",
        "assetName": "event_13_03"
      },
      {
        "title": "笑顔になれる場所",
        "assetName": "event_13_04"
      },
      {
        "title": "思い出を作ろう！",
        "assetName": "event_13_05"
      },
      {
        "title": "この歌で笑顔に",
        "assetName": "event_13_06"
      },
      {
        "title": "わたしが、この場所にいる理由",
        "assetName": "event_13_07"
      },
      {
        "title": "膨らむ迷い",
        "assetName": "event_13_08"
      }
    ],
    "cards": [
      170,
      171,
      172,
      173,
      174
    ]
  },
  {
    "id": 14,
    "title": "満たされないペイルカラー",
    "name": "event_infinitelygray_2021",
    "chapters": [
      {
        "title": "満たされない心",
        "assetName": "event_14_01"
      },
      {
        "title": "見返してやる",
        "assetName": "event_14_02"
      },
      {
        "title": "凡人",
        "assetName": "event_14_03"
      },
      {
        "title": "ひとりのセカイ",
        "assetName": "event_14_04"
      },
      {
        "title": "力になりたい",
        "assetName": "event_14_05"
      },
      {
        "title": "一番大切なことは",
        "assetName": "event_14_06"
      },
      {
        "title": "認められたいなら",
        "assetName": "event_14_07"
      },
      {
        "title": "私が絵を描く意味",
        "assetName": "event_14_08"
      }
    ],
    "cards": [
      175,
      176,
      177,
      178,
      179
    ]
  },
  {
    "id": 15,
    "title": "スマイルオブドリーマー",
    "name": "event_dream_2021",
    "chapters": [
      {
        "title": "笑顔のかげで",
        "assetName": "event_15_01"
      },
      {
        "title": "突然の宣告",
        "assetName": "event_15_02"
      },
      {
        "title": "たとえ“理想”だとしても",
        "assetName": "event_15_03"
      },
      {
        "title": "希望の行方",
        "assetName": "event_15_04"
      },
      {
        "title": "話してほしい",
        "assetName": "event_15_05"
      },
      {
        "title": "涙のような笑顔より",
        "assetName": "event_15_06"
      },
      {
        "title": "守りたい場所",
        "assetName": "event_15_07"
      },
      {
        "title": "反撃ののろし",
        "assetName": "event_15_08"
      }
    ],
    "cards": [
      180,
      181,
      182,
      183,
      184
    ]
  },
  {
    "id": 16,
    "title": "天馬さんちのひな祭り",
    "name": "event_hinamatsuri_2021",
    "chapters": [
      {
        "title": "ボロボロなひな人形",
        "assetName": "event_16_01"
      },
      {
        "title": "ムニャムニャ……グー？",
        "assetName": "event_16_02"
      },
      {
        "title": "苦い記憶",
        "assetName": "event_16_03"
      },
      {
        "title": "いざサプライズ！？",
        "assetName": "event_16_04"
      },
      {
        "title": "しょんぼりなふたり",
        "assetName": "event_16_05"
      },
      {
        "title": "行くべき場所",
        "assetName": "event_16_06"
      },
      {
        "title": "人形よりもボロボロな……",
        "assetName": "event_16_07"
      },
      {
        "title": "あの笑顔の真実",
        "assetName": "event_16_08"
      }
    ],
    "cards": [
      185,
      186,
      187,
      188,
      189
    ]
  },
  {
    "id": 17,
    "title": "届け！HOPEFUL STAGE♪",
    "name": "event_angelclover_2021",
    "chapters": [
      {
        "title": "三つ葉のクローバー",
        "assetName": "event_17_01"
      },
      {
        "title": "ビッグニュース！",
        "assetName": "event_17_02"
      },
      {
        "title": "コラボ配信スタート♪",
        "assetName": "event_17_03"
      },
      {
        "title": "成功させなきゃ！",
        "assetName": "event_17_04"
      },
      {
        "title": "プロとして必要なこと",
        "assetName": "event_17_05"
      },
      {
        "title": "思いがけない出会い",
        "assetName": "event_17_06"
      },
      {
        "title": "わたしにしかできないこと",
        "assetName": "event_17_07"
      },
      {
        "title": "四つ葉になったクローバー",
        "assetName": "event_17_08"
      }
    ],
    "cards": [
      190,
      191,
      192,
      193,
      194
    ]
  },
  {
    "id": 18,
    "title": "君と歌う、桜舞う世界で",
    "name": "event_ohanami_2021",
    "chapters": [
      {
        "title": "うまくなりたくて",
        "assetName": "event_18_01"
      },
      {
        "title": "ひとりぼっちの路上",
        "assetName": "event_18_02"
      },
      {
        "title": "私達の夢",
        "assetName": "event_18_03"
      },
      {
        "title": "初めての拍手",
        "assetName": "event_18_04"
      },
      {
        "title": "取り戻せたもの",
        "assetName": "event_18_05"
      },
      {
        "title": "先輩と後輩と",
        "assetName": "event_18_06"
      },
      {
        "title": "ふたりで見る桜",
        "assetName": "event_18_07"
      },
      {
        "title": "出会う、桜の季節に",
        "assetName": "event_18_08"
      }
    ],
    "cards": [
      197,
      198,
      199,
      200,
      201
    ]
  },
  {
    "id": 19,
    "title": "シークレット・ディスタンス",
    "name": "event_secret_2021",
    "chapters": [
      {
        "title": "もっと知りたい",
        "assetName": "event_19_01"
      },
      {
        "title": "奏のスランプ",
        "assetName": "event_19_02"
      },
      {
        "title": "いざ、ミステリーツアー！",
        "assetName": "event_19_03"
      },
      {
        "title": "初めて知る表情",
        "assetName": "event_19_04"
      },
      {
        "title": "最後の心霊スポット",
        "assetName": "event_19_05"
      },
      {
        "title": "同じ桜なのに",
        "assetName": "event_19_06"
      },
      {
        "title": "ひと時の幸福",
        "assetName": "event_19_07"
      },
      {
        "title": "隠した気持ち",
        "assetName": "event_19_08"
      }
    ],
    "cards": [
      202,
      203,
      204,
      205,
      206
    ]
  },
  {
    "id": 20,
    "title": "Resonate with you",
    "name": "event_resonate_2021",
    "chapters": [
      {
        "title": "隠された想い",
        "assetName": "event_20_01"
      },
      {
        "title": "遭遇",
        "assetName": "event_20_02"
      },
      {
        "title": "私の夢",
        "assetName": "event_20_03"
      },
      {
        "title": "責任と覚悟",
        "assetName": "event_20_04"
      },
      {
        "title": "応えたい",
        "assetName": "event_20_05"
      },
      {
        "title": "想いを馳せて",
        "assetName": "event_20_06"
      },
      {
        "title": "与えられたチャンス",
        "assetName": "event_20_07"
      },
      {
        "title": "響け、心に！",
        "assetName": "event_20_08"
      }
    ],
    "cards": [
      207,
      208,
      209,
      210,
      211
    ]
  },
  {
    "id": 21,
    "title": "STRAY BAD DOG",
    "name": "event_stray_2021",
    "chapters": [
      {
        "title": "感じる成長",
        "assetName": "event_21_01"
      },
      {
        "title": "謎の実力者",
        "assetName": "event_21_02"
      },
      {
        "title": "衝突",
        "assetName": "event_21_03"
      },
      {
        "title": "そんなの、当たり前",
        "assetName": "event_21_04"
      },
      {
        "title": "向けられた背中",
        "assetName": "event_21_05"
      },
      {
        "title": "相棒としてできること",
        "assetName": "event_21_06"
      },
      {
        "title": "リベンジ",
        "assetName": "event_21_07"
      },
      {
        "title": "チームの意味",
        "assetName": "event_21_08"
      }
    ],
    "cards": [
      212,
      213,
      214,
      215,
      216
    ]
  },
  {
    "id": 22,
    "title": "お悩み聞かせて！わくわくピクニック",
    "name": "event_picnic_2021",
    "chapters": [
      {
        "title": "新しい出会い",
        "assetName": "event_22_01"
      },
      {
        "title": "ピクニックに行こう！",
        "assetName": "event_22_02"
      },
      {
        "title": "彩りに隠された本音",
        "assetName": "event_22_03"
      },
      {
        "title": "友達想い",
        "assetName": "event_22_04"
      },
      {
        "title": "不穏なわかれ道",
        "assetName": "event_22_05"
      },
      {
        "title": "助けたい理由",
        "assetName": "event_22_06"
      },
      {
        "title": "思いがけない援軍",
        "assetName": "event_22_07"
      },
      {
        "title": "いつかきっと、話してほしい",
        "assetName": "event_22_08"
      }
    ],
    "cards": [
      217,
      218,
      219,
      220,
      221
    ]
  },
  {
    "id": 23,
    "title": "頑張るあなたにBreak Time！",
    "name": "event_breaktime_2021",
    "chapters": [
      {
        "title": "ファンのために",
        "assetName": "event_23_01"
      },
      {
        "title": "セカイの新しいアイドル",
        "assetName": "event_23_02"
      },
      {
        "title": "心配",
        "assetName": "event_23_03"
      },
      {
        "title": "昔から、あなたは",
        "assetName": "event_23_04"
      },
      {
        "title": "オフの日のすすめ",
        "assetName": "event_23_05"
      },
      {
        "title": "休ませてあげたいのに",
        "assetName": "event_23_06"
      },
      {
        "title": "やりたいこと、ひとつ",
        "assetName": "event_23_07"
      },
      {
        "title": "幸せの青いペンギン",
        "assetName": "event_23_08"
      }
    ],
    "cards": [
      222,
      223,
      224,
      225,
      226
    ]
  },
  {
    "id": 24,
    "title": "純白の貴方へ、誓いの歌を！",
    "name": "event_bridal_2021",
    "chapters": [
      {
        "title": "突然の代役",
        "assetName": "event_24_01"
      },
      {
        "title": "困惑の式場",
        "assetName": "event_24_02"
      },
      {
        "title": "ためらいを捨てて",
        "assetName": "event_24_03"
      },
      {
        "title": "演出家の采配",
        "assetName": "event_24_04"
      },
      {
        "title": "目の前のショーのために",
        "assetName": "event_24_05"
      },
      {
        "title": "信頼と理解",
        "assetName": "event_24_06"
      },
      {
        "title": "エクストラウェディングショー！",
        "assetName": "event_24_07"
      },
      {
        "title": "笑顔と夢と",
        "assetName": "event_24_08"
      }
    ],
    "cards": [
      227,
      228,
      229,
      230,
      231
    ]
  },
  {
    "id": 25,
    "title": "ワンダーマジカルショウタイム！",
    "name": "event_wonders_2021",
    "chapters": [
      {
        "title": "それぞれの思いと想い",
        "assetName": "event_25_01"
      },
      {
        "title": "今、一番大切なもの",
        "assetName": "event_25_02"
      },
      {
        "title": "つながる想い",
        "assetName": "event_25_03"
      },
      {
        "title": "スターの大演説！",
        "assetName": "event_25_04"
      },
      {
        "title": "いざ開演！",
        "assetName": "event_25_05"
      },
      {
        "title": "笑顔の魔法使い",
        "assetName": "event_25_06"
      },
      {
        "title": "想いを継いで",
        "assetName": "event_25_07"
      },
      {
        "title": "未来につながるフィナーレ",
        "assetName": "event_25_08"
      }
    ],
    "cards": [
      232,
      233,
      234,
      235,
      236
    ]
  },
  {
    "id": 26,
    "title": "カーネーション・リコレクション",
    "name": "event_carnation_2021",
    "chapters": [
      {
        "title": "まだ、響かない",
        "assetName": "event_26_01"
      },
      {
        "title": "ルカの言葉",
        "assetName": "event_26_02"
      },
      {
        "title": "涙雨",
        "assetName": "event_26_03"
      },
      {
        "title": "ヒントを探して",
        "assetName": "event_26_04"
      },
      {
        "title": "遠い記憶の花畑",
        "assetName": "event_26_05"
      },
      {
        "title": "忘れていた幸せ",
        "assetName": "event_26_06"
      },
      {
        "title": "迷路の先にあるもの",
        "assetName": "event_26_07"
      },
      {
        "title": "ほほ笑み",
        "assetName": "event_26_08"
      }
    ],
    "cards": [
      237,
      238,
      239,
      240,
      241
    ]
  },
  {
    "id": 27,
    "title": "Unnamed Harmony",
    "name": "event_unnamed_2021",
    "chapters": [
      {
        "title": "プロを目指して",
        "assetName": "event_27_01"
      },
      {
        "title": "新しい音色",
        "assetName": "event_27_02"
      },
      {
        "title": "アタシにできること",
        "assetName": "event_27_03"
      },
      {
        "title": "まだ、辿り着けなくて",
        "assetName": "event_27_04"
      },
      {
        "title": "今は見守ろう",
        "assetName": "event_27_05"
      },
      {
        "title": "きらきら光る道しるべ",
        "assetName": "event_27_06"
      },
      {
        "title": "そして、掴んだもの",
        "assetName": "event_27_07"
      },
      {
        "title": "伝えたい想い",
        "assetName": "event_27_08"
      }
    ],
    "cards": [
      244,
      245,
      246,
      247,
      248
    ]
  },
  {
    "id": 28,
    "title": "Awakening Beat",
    "name": "event_awakening_2021",
    "chapters": [
      {
        "title": "４人で一緒に",
        "assetName": "event_28_01"
      },
      {
        "title": "謎の男",
        "assetName": "event_28_02"
      },
      {
        "title": "自分と向きあうということ",
        "assetName": "event_28_03"
      },
      {
        "title": "自信の持ちかた",
        "assetName": "event_28_04"
      },
      {
        "title": "踏み出す勇気",
        "assetName": "event_28_05"
      },
      {
        "title": "リベンジ・マッチを前に",
        "assetName": "event_28_06"
      },
      {
        "title": "私を信じて",
        "assetName": "event_28_07"
      },
      {
        "title": "みんなの隣で",
        "assetName": "event_28_08"
      }
    ],
    "cards": [
      249,
      250,
      251,
      252,
      253
    ]
  },
  {
    "id": 29,
    "title": "夏祭り、鳴り響く音は",
    "name": "event_natsumatsuri_2021",
    "chapters": [
      {
        "title": "挫折の記憶",
        "assetName": "event_29_01"
      },
      {
        "title": "夏祭りへの招待",
        "assetName": "event_29_02"
      },
      {
        "title": "お前も行くのかよ",
        "assetName": "event_29_03"
      },
      {
        "title": "昔日の言葉",
        "assetName": "event_29_04"
      },
      {
        "title": "シブヤ夏祭り！",
        "assetName": "event_29_05"
      },
      {
        "title": "諦めないから",
        "assetName": "event_29_06"
      },
      {
        "title": "今を作る言葉",
        "assetName": "event_29_07"
      },
      {
        "title": "石畳を行きながら",
        "assetName": "event_29_08"
      }
    ],
    "cards": [
      254,
      255,
      256,
      257,
      258
    ]
  },
  {
    "id": 30,
    "title": "きっと最高のsummer！",
    "name": "event_summer_2021",
    "chapters": [
      {
        "title": "やってきた！　臨海学校",
        "assetName": "event_30_01"
      },
      {
        "title": "発表会で何しよう？",
        "assetName": "event_30_02"
      },
      {
        "title": "ちぐはぐな音色",
        "assetName": "event_30_03"
      },
      {
        "title": "もっと、自由に",
        "assetName": "event_30_04"
      },
      {
        "title": "見つけだしたハーモニー",
        "assetName": "event_30_05"
      },
      {
        "title": "突然のハプニング",
        "assetName": "event_30_06"
      },
      {
        "title": "みんなでつなぐ物語",
        "assetName": "event_30_07"
      },
      {
        "title": "最高の夏",
        "assetName": "event_30_08"
      }
    ],
    "cards": [
      259,
      260,
      261,
      262,
      263
    ]
  },
  {
    "id": 31,
    "title": "ハッピー・ラブリー・エブリデイ！",
    "name": "event_everyday_2021",
    "chapters": [
      {
        "title": "ライブ出演依頼！？",
        "assetName": "event_31_01"
      },
      {
        "title": "子供達のために！",
        "assetName": "event_31_02"
      },
      {
        "title": "拭いきれない過去",
        "assetName": "event_31_03"
      },
      {
        "title": "届けられてたのかな",
        "assetName": "event_31_04"
      },
      {
        "title": "想いを届けるために",
        "assetName": "event_31_05"
      },
      {
        "title": "アイドルとして",
        "assetName": "event_31_06"
      },
      {
        "title": "ハッピーエブリデイ登場！",
        "assetName": "event_31_07"
      },
      {
        "title": "“アイドル”の桃井愛莉",
        "assetName": "event_31_08"
      }
    ],
    "cards": [
      264,
      265,
      266,
      267,
      268
    ]
  },
  {
    "id": 32,
    "title": "マーメイドにあこがれて",
    "name": "event_mermaid_2021",
    "chapters": [
      {
        "title": "宣伝大使、始動！",
        "assetName": "event_32_01"
      },
      {
        "title": "思い出の中の人魚姫",
        "assetName": "event_32_02"
      },
      {
        "title": "サマー・ショウタイム！",
        "assetName": "event_32_03"
      },
      {
        "title": "憧れの人",
        "assetName": "event_32_04"
      },
      {
        "title": "波乱の最終公演",
        "assetName": "event_32_05"
      },
      {
        "title": "つなぐ、勇気を",
        "assetName": "event_32_06"
      },
      {
        "title": "まだ知らない世界",
        "assetName": "event_32_07"
      },
      {
        "title": "今は、できることを",
        "assetName": "event_32_08"
      }
    ],
    "cards": [
      269,
      270,
      271,
      272,
      273
    ]
  },
  {
    "id": 33,
    "title": "ふたり、月うさぎ",
    "name": "event_moonrabbit_2021",
    "chapters": [
      {
        "title": "新しい季節の企画",
        "assetName": "event_33_01"
      },
      {
        "title": "幼い頃の思い出を",
        "assetName": "event_33_02"
      },
      {
        "title": "秋をテーマに",
        "assetName": "event_33_03"
      },
      {
        "title": "あの頃のお月見",
        "assetName": "event_33_04"
      },
      {
        "title": "うさぎのお団子",
        "assetName": "event_33_05"
      },
      {
        "title": "プロとしての姿勢",
        "assetName": "event_33_06"
      },
      {
        "title": "月夜の下で",
        "assetName": "event_33_07"
      },
      {
        "title": "もらえたもの、あげられたもの",
        "assetName": "event_33_08"
      }
    ],
    "cards": [
      274,
      275,
      276,
      277,
      278
    ]
  },
  {
    "id": 34,
    "title": "Knock the Future!!",
    "name": "event_future_2021",
    "chapters": [
      {
        "title": "曲に合った歌詞を",
        "assetName": "event_34_01"
      },
      {
        "title": "スペシャルなニュース",
        "assetName": "event_34_02"
      },
      {
        "title": "表現の仕方",
        "assetName": "event_34_03"
      },
      {
        "title": "思わぬアドバイス",
        "assetName": "event_34_04"
      },
      {
        "title": "飾る言葉、飾らない言葉",
        "assetName": "event_34_05"
      },
      {
        "title": "恥ずかしがらずに",
        "assetName": "event_34_06"
      },
      {
        "title": "始まりの一歩",
        "assetName": "event_34_07"
      },
      {
        "title": "開かれた扉",
        "assetName": "event_34_08"
      }
    ],
    "cards": [
      279,
      280,
      281,
      282,
      283
    ]
  },
  {
    "id": 35,
    "title": "灯のミラージュ",
    "name": "event_mirage_2021",
    "chapters": [
      {
        "title": "見つからない鍵穴",
        "assetName": "event_35_01"
      },
      {
        "title": "私のアルバム",
        "assetName": "event_35_02"
      },
      {
        "title": "いつかの記憶",
        "assetName": "event_35_03"
      },
      {
        "title": "忙しさの中で",
        "assetName": "event_35_04"
      },
      {
        "title": "りんごの夢",
        "assetName": "event_35_05"
      },
      {
        "title": "笑ってほしいから",
        "assetName": "event_35_06"
      },
      {
        "title": "辿り着きたい場所",
        "assetName": "event_35_07"
      },
      {
        "title": "ほんの少しの灯",
        "assetName": "event_35_08"
      }
    ],
    "cards": [
      284,
      285,
      286,
      287,
      288
    ]
  },
  {
    "id": 36,
    "title": "スクランブル・ファンフェスタ！",
    "name": "event_scramble_2021",
    "chapters": [
      {
        "title": "ファンフェスタ！",
        "assetName": "event_36_01"
      },
      {
        "title": "みんなで出よう！",
        "assetName": "event_36_02"
      },
      {
        "title": "聴きに行きたいな",
        "assetName": "event_36_03"
      },
      {
        "title": "呼応する想い",
        "assetName": "event_36_04"
      },
      {
        "title": "初めての合同練習",
        "assetName": "event_36_05"
      },
      {
        "title": "なりきって踊ろう！",
        "assetName": "event_36_06"
      },
      {
        "title": "思いがけない出会い",
        "assetName": "event_36_07"
      },
      {
        "title": "本番前のエール",
        "assetName": "event_36_08"
      },
      {
        "title": "わたしらしく、笑顔で",
        "assetName": "event_36_09"
      },
      {
        "title": "もっともっと届けたい",
        "assetName": "event_36_10"
      }
    ],
    "cards": [
      291,
      292,
      293,
      294
    ]
  },
  {
    "id": 37,
    "title": "Bout for Beside You",
    "name": "event_besideyou_2021",
    "chapters": [
      {
        "title": "ヘンな感じ",
        "assetName": "event_37_01"
      },
      {
        "title": "謎の男の正体",
        "assetName": "event_37_02"
      },
      {
        "title": "思わぬ誘い",
        "assetName": "event_37_03"
      },
      {
        "title": "強まるモヤモヤ",
        "assetName": "event_37_04"
      },
      {
        "title": "路地裏の会話",
        "assetName": "event_37_05"
      },
      {
        "title": "モヤモヤしていた理由",
        "assetName": "event_37_06"
      },
      {
        "title": "ただ前に進むために",
        "assetName": "event_37_07"
      },
      {
        "title": "これからも隣で",
        "assetName": "event_37_08"
      }
    ],
    "cards": [
      296,
      297,
      298,
      299,
      300
    ]
  },
  {
    "id": 38,
    "title": "Revival my dream",
    "name": "event_revival_2021",
    "chapters": [
      {
        "title": "洋館とケヤキのステージ",
        "assetName": "event_38_01"
      },
      {
        "title": "町の民と森の民",
        "assetName": "event_38_02"
      },
      {
        "title": "ひとりぼっちのガレージで",
        "assetName": "event_38_03"
      },
      {
        "title": "ふたり一緒のステージで",
        "assetName": "event_38_04"
      },
      {
        "title": "越えられなかった垣根",
        "assetName": "event_38_05"
      },
      {
        "title": "信じてくれるから",
        "assetName": "event_38_06"
      },
      {
        "title": "跳び越えろ！",
        "assetName": "event_38_07"
      },
      {
        "title": "在りし日の夢に喝采を",
        "assetName": "event_38_08"
      }
    ],
    "cards": [
      301,
      302,
      303,
      304,
      305
    ]
  },
  {
    "id": 39,
    "title": "ボクのあしあと キミのゆくさき",
    "name": "event_ashiato_2021",
    "chapters": [
      {
        "title": "みんなとの距離",
        "assetName": "event_39_01"
      },
      {
        "title": "遭遇",
        "assetName": "event_39_02"
      },
      {
        "title": "思考を止めて",
        "assetName": "event_39_03"
      },
      {
        "title": "小さな歪み",
        "assetName": "event_39_04"
      },
      {
        "title": "亀裂",
        "assetName": "event_39_05"
      },
      {
        "title": "どうかその目で",
        "assetName": "event_39_06"
      },
      {
        "title": "この世からみんな",
        "assetName": "event_39_07"
      },
      {
        "title": "ボクの嘘",
        "assetName": "event_39_08"
      }
    ],
    "cards": [
      307,
      308,
      309,
      310,
      311
    ]
  },
  {
    "id": 40,
    "title": "揺るがぬ想い、今言葉にして",
    "name": "event_stage_2021",
    "chapters": [
      {
        "title": "わたしができることを",
        "assetName": "event_40_01"
      },
      {
        "title": "スケジュール作りで見えるもの",
        "assetName": "event_40_02"
      },
      {
        "title": "秘かな決意",
        "assetName": "event_40_03"
      },
      {
        "title": "バンドのために",
        "assetName": "event_40_04"
      },
      {
        "title": "綻び",
        "assetName": "event_40_05"
      },
      {
        "title": "必要なケンカ",
        "assetName": "event_40_06"
      },
      {
        "title": "揺るがない想い",
        "assetName": "event_40_07"
      },
      {
        "title": "わたしに支えさせて",
        "assetName": "event_40_08"
      }
    ],
    "cards": [
      313,
      314,
      315,
      316,
      317
    ]
  },
  {
    "id": 41,
    "title": "バディ・ファニー・スペンドタイム♪",
    "name": "event_buddy_2021",
    "chapters": [
      {
        "title": "４人で一緒に！",
        "assetName": "event_41_01"
      },
      {
        "title": "ドキドキショッピング♪",
        "assetName": "event_41_02"
      },
      {
        "title": "対等な関係",
        "assetName": "event_41_03"
      },
      {
        "title": "堂々と隣に立てるように",
        "assetName": "event_41_04"
      },
      {
        "title": "いざ、フェニランへ！",
        "assetName": "event_41_05"
      },
      {
        "title": "言えない気持ち、伝えたい気持ち",
        "assetName": "event_41_06"
      },
      {
        "title": "笑ってくれているなら",
        "assetName": "event_41_07"
      },
      {
        "title": "笑顔を、ずっと隣で",
        "assetName": "event_41_08"
      }
    ],
    "cards": [
      319,
      320,
      321,
      322,
      323
    ]
  },
  {
    "id": 42,
    "title": "交わる旋律 灯るぬくもり",
    "name": "event_melody_2021",
    "chapters": [
      {
        "title": "最後の１枚を前に",
        "assetName": "event_42_01"
      },
      {
        "title": "意外な共通点",
        "assetName": "event_42_02"
      },
      {
        "title": "話してみたい",
        "assetName": "event_42_03"
      },
      {
        "title": "自分とは違う言葉",
        "assetName": "event_42_04"
      },
      {
        "title": "理由が知りたくて",
        "assetName": "event_42_05"
      },
      {
        "title": "音楽でつながる縁",
        "assetName": "event_42_06"
      },
      {
        "title": "曲にこめる想い",
        "assetName": "event_42_07"
      },
      {
        "title": "冷たい雪はあたたかく溶けて",
        "assetName": "event_42_08"
      }
    ],
    "cards": [
      324,
      325,
      326,
      327,
      328
    ]
  },
  {
    "id": 43,
    "title": "MOREMOREMakingXmas",
    "name": "event_makingxmas_2021",
    "chapters": [
      {
        "title": "リアルイベントをやろう！",
        "assetName": "event_43_01"
      },
      {
        "title": "イベントに必要なもの",
        "assetName": "event_43_02"
      },
      {
        "title": "ファンからのメール",
        "assetName": "event_43_03"
      },
      {
        "title": "アイドルでマネージャー？",
        "assetName": "event_43_04"
      },
      {
        "title": "踏み出す一歩",
        "assetName": "event_43_05"
      },
      {
        "title": "一緒につくろう！",
        "assetName": "event_43_06"
      },
      {
        "title": "届けたい声",
        "assetName": "event_43_07"
      },
      {
        "title": "初めての握手会",
        "assetName": "event_43_08"
      }
    ],
    "cards": [
      330,
      331,
      332,
      333,
      334
    ]
  },
  {
    "id": 44,
    "title": "Same Dreams,Same Colors",
    "name": "event_camp_2021",
    "chapters": [
      {
        "title": "自由な歌声",
        "assetName": "event_44_01"
      },
      {
        "title": "見えない景色",
        "assetName": "event_44_02"
      },
      {
        "title": "成長のために",
        "assetName": "event_44_03"
      },
      {
        "title": "胸の高鳴る夜",
        "assetName": "event_44_04"
      },
      {
        "title": "テントを張ろう！",
        "assetName": "event_44_05"
      },
      {
        "title": "それぞれのできること",
        "assetName": "event_44_06"
      },
      {
        "title": "俺だからできること",
        "assetName": "event_44_07"
      },
      {
        "title": "みんなで、同じ景色を",
        "assetName": "event_44_08"
      }
    ],
    "cards": [
      341,
      342,
      343,
      344,
      345
    ]
  },
  {
    "id": 45,
    "title": "祈りの先 願う明日は",
    "name": "event_prayer_2022",
    "chapters": [
      {
        "title": "初詣の約束",
        "assetName": "event_45_01"
      },
      {
        "title": "巫女さんのお手伝い？",
        "assetName": "event_45_02"
      },
      {
        "title": "それぞれのお正月",
        "assetName": "event_45_03"
      },
      {
        "title": "それぞれの初詣",
        "assetName": "event_45_04"
      },
      {
        "title": "大きな願いごと",
        "assetName": "event_45_05"
      },
      {
        "title": "あけましておめでとう！",
        "assetName": "event_45_06"
      },
      {
        "title": "いつもどおりの練習日",
        "assetName": "event_45_07"
      },
      {
        "title": "レッツ初詣ショー！",
        "assetName": "event_45_08"
      },
      {
        "title": "叶いますように",
        "assetName": "event_45_09"
      }
    ],
    "cards": [
      350,
      351,
      352,
      353,
      354
    ]
  },
  {
    "id": 46,
    "title": "POP IN MY HEART!!",
    "name": "event_nikkori_2022",
    "chapters": [
      {
        "title": "『こうしたい』を形に",
        "assetName": "event_46_01"
      },
      {
        "title": "レッツゴードリームパーク！",
        "assetName": "event_46_02"
      },
      {
        "title": "最高峰のショー",
        "assetName": "event_46_03"
      },
      {
        "title": "迷子を笑顔に！",
        "assetName": "event_46_04"
      },
      {
        "title": "初めて知る工夫",
        "assetName": "event_46_05"
      },
      {
        "title": "『スマイリー』エリア",
        "assetName": "event_46_06"
      },
      {
        "title": "まずは一緒に大きな夢を",
        "assetName": "event_46_07"
      },
      {
        "title": "夢も、現実も",
        "assetName": "event_46_08"
      }
    ],
    "cards": [
      356,
      357,
      358,
      359,
      360
    ]
  },
  {
    "id": 47,
    "title": "いつか、絶望の底から",
    "name": "event_tricolo_2022",
    "chapters": [
      {
        "title": "振り返る月日",
        "assetName": "event_47_01"
      },
      {
        "title": "追憶、あの日の暗闇へ",
        "assetName": "event_47_02"
      },
      {
        "title": "淀んだ絶望の底で",
        "assetName": "event_47_03"
      },
      {
        "title": "揺り動かされた心",
        "assetName": "event_47_04"
      },
      {
        "title": "同じ絶望の音色",
        "assetName": "event_47_05"
      },
      {
        "title": "もうひとつの出会い",
        "assetName": "event_47_06"
      },
      {
        "title": "そして、巡り会う",
        "assetName": "event_47_07"
      },
      {
        "title": "微かな光のほうへ",
        "assetName": "event_47_08"
      }
    ],
    "cards": [
      361,
      362,
      363,
      364,
      365
    ]
  },
  {
    "id": 48,
    "title": "秘密の♡バレンタイン大作戦！",
    "name": "event_valentine_2022",
    "chapters": [
      {
        "title": "結成！秘密のバレンタイン同盟",
        "assetName": "event_48_01"
      },
      {
        "title": "喜んでほしいから",
        "assetName": "event_48_02"
      },
      {
        "title": "お菓子作りプレパレイション！",
        "assetName": "event_48_03"
      },
      {
        "title": "４人目のバレンタイン同盟",
        "assetName": "event_48_04"
      },
      {
        "title": "レッツ・メイク・スイーツ♪",
        "assetName": "event_48_05"
      },
      {
        "title": "突然のハプニング！？",
        "assetName": "event_48_06"
      },
      {
        "title": "それぞれの作戦当日",
        "assetName": "event_48_07"
      },
      {
        "title": "ハッピーバレンタイン！",
        "assetName": "event_48_08"
      }
    ],
    "cards": [
      368,
      369,
      370,
      371,
      372
    ]
  },
  {
    "id": 49,
    "title": "Legend still vivid",
    "name": "event_legend_2022",
    "chapters": [
      {
        "title": "未だ知らぬ伝説",
        "assetName": "event_49_01"
      },
      {
        "title": "あの夜の足跡を辿って",
        "assetName": "event_49_02"
      },
      {
        "title": "いざなわれ、導かれるように",
        "assetName": "event_49_03"
      },
      {
        "title": "伝説が生まれた場所",
        "assetName": "event_49_04"
      },
      {
        "title": "かつての景色を焼きつけて",
        "assetName": "event_49_05"
      },
      {
        "title": "残されていた記録",
        "assetName": "event_49_06"
      },
      {
        "title": "\"RAD WEEKEND\"",
        "assetName": "event_49_07"
      },
      {
        "title": "壁は、はるか高く",
        "assetName": "event_49_08"
      }
    ],
    "cards": [
      373,
      374,
      375,
      376,
      377
    ]
  },
  {
    "id": 50,
    "title": "あの日、空は遠かった",
    "name": "event_peaky_2022",
    "chapters": [
      {
        "title": "『今』を噛み締めて",
        "assetName": "event_50_01"
      },
      {
        "title": "あの頃の私は",
        "assetName": "event_50_02"
      },
      {
        "title": "私が選んだ孤独",
        "assetName": "event_50_03"
      },
      {
        "title": "音が結ぶ出会い",
        "assetName": "event_50_04"
      },
      {
        "title": "淡い期待",
        "assetName": "event_50_05"
      },
      {
        "title": "黄昏に隠した願い",
        "assetName": "event_50_06"
      },
      {
        "title": "諦めきれない願いがあったから",
        "assetName": "event_50_07"
      },
      {
        "title": "進んだ先にあった『今』",
        "assetName": "event_50_08"
      }
    ],
    "cards": [
      380,
      381,
      382,
      383,
      384
    ]
  },
  {
    "id": 51,
    "title": "怪盗紳士のハラハラ！？ホワイトデー",
    "name": "event_whiteday_2022",
    "chapters": [
      {
        "title": "サプライズを考えて",
        "assetName": "event_51_01"
      },
      {
        "title": "『チョコレートファクトリー』",
        "assetName": "event_51_02"
      },
      {
        "title": "それぞれのお返し作り",
        "assetName": "event_51_03"
      },
      {
        "title": "開演！怪盗紳士とチョコ妖精",
        "assetName": "event_51_04"
      },
      {
        "title": "トラブルは突然に",
        "assetName": "event_51_05"
      },
      {
        "title": "ハッピーエンドを目指して",
        "assetName": "event_51_06"
      },
      {
        "title": "笑顔の大団円",
        "assetName": "event_51_07"
      },
      {
        "title": "オンリーワンなホワイトデー",
        "assetName": "event_51_08"
      }
    ],
    "cards": [
      385,
      386,
      387,
      388,
      389
    ]
  },
  {
    "id": 52,
    "title": "Cast Spell on You",
    "name": "event_castspell_2022",
    "chapters": [
      {
        "title": "ファンと共に進む道",
        "assetName": "event_52_01"
      },
      {
        "title": "私達のステージ衣装",
        "assetName": "event_52_02"
      },
      {
        "title": "みんなのために",
        "assetName": "event_52_03"
      },
      {
        "title": "それぞれのデザイン",
        "assetName": "event_52_04"
      },
      {
        "title": "私が作りたいものは",
        "assetName": "event_52_05"
      },
      {
        "title": "まるで、魔法のような",
        "assetName": "event_52_06"
      },
      {
        "title": "Made me Idol",
        "assetName": "event_52_07"
      },
      {
        "title": "この魔法に、想いをこめて",
        "assetName": "event_52_08"
      }
    ],
    "cards": [
      391,
      392,
      393,
      394,
      395
    ]
  },
  {
    "id": 53,
    "title": "空白のキャンバスに描く私は",
    "name": "event_canvas_2022",
    "chapters": [
      {
        "title": "置いていかれる恐怖",
        "assetName": "event_53_01"
      },
      {
        "title": "見えていなかったのは",
        "assetName": "event_53_02"
      },
      {
        "title": "あの時の気持ちを",
        "assetName": "event_53_03"
      },
      {
        "title": "もう一度、あの場所へ",
        "assetName": "event_53_04"
      },
      {
        "title": "遠のいた距離",
        "assetName": "event_53_05"
      },
      {
        "title": "止まった筆",
        "assetName": "event_53_06"
      },
      {
        "title": "逃げたくない",
        "assetName": "event_53_07"
      },
      {
        "title": "キャンバスに描く私は",
        "assetName": "event_53_08"
      }
    ],
    "cards": [
      397,
      398,
      399,
      400,
      401
    ]
  },
  {
    "id": 54,
    "title": "セカイの桜、つながる想い",
    "name": "event_sakura_2022",
    "chapters": [
      {
        "title": "お花見をしよう",
        "assetName": "event_54_01"
      },
      {
        "title": "桜を探して",
        "assetName": "event_54_02"
      },
      {
        "title": "お花見ライブ！？",
        "assetName": "event_54_03"
      },
      {
        "title": "春の新メニュー",
        "assetName": "event_54_04"
      },
      {
        "title": "教室、桜色の彼女は",
        "assetName": "event_54_05"
      },
      {
        "title": "桜舞うショーのために",
        "assetName": "event_54_06"
      },
      {
        "title": "つながる想い",
        "assetName": "event_54_07"
      },
      {
        "title": "想いは、それぞれの胸に",
        "assetName": "event_54_08"
      }
    ],
    "cards": [
      404,
      405,
      406,
      407,
      408,
      409
    ]
  },
  {
    "id": 55,
    "title": "まばゆい光のステージで",
    "name": "event_star_2022",
    "chapters": [
      {
        "title": "いざ、音楽堂へ！",
        "assetName": "event_55_01"
      },
      {
        "title": "トルぺというピアノ弾き",
        "assetName": "event_55_02"
      },
      {
        "title": "役の相性",
        "assetName": "event_55_03"
      },
      {
        "title": "スターになるために",
        "assetName": "event_55_04"
      },
      {
        "title": "共通点",
        "assetName": "event_55_05"
      },
      {
        "title": "見上げた夜空",
        "assetName": "event_55_06"
      },
      {
        "title": "星を見つけて",
        "assetName": "event_55_07"
      },
      {
        "title": "光り輝くステージを",
        "assetName": "event_55_08"
      }
    ],
    "cards": [
      410,
      411,
      412,
      413,
      414
    ]
  },
  {
    "id": 56,
    "title": "Live with memories",
    "name": "event_memories_2022",
    "chapters": [
      {
        "title": "次のステップへ",
        "assetName": "event_56_01"
      },
      {
        "title": "離れ離れの兄と妹",
        "assetName": "event_56_02"
      },
      {
        "title": "私達にできること",
        "assetName": "event_56_03"
      },
      {
        "title": "向きあう勇気",
        "assetName": "event_56_04"
      },
      {
        "title": "言葉を届けるために",
        "assetName": "event_56_05"
      },
      {
        "title": "幸せな思い出",
        "assetName": "event_56_06"
      },
      {
        "title": "最後のライブ",
        "assetName": "event_56_07"
      },
      {
        "title": "輝く思い出と共に",
        "assetName": "event_56_08"
      }
    ],
    "cards": [
      416,
      417,
      418,
      419,
      420
    ]
  },
  {
    "id": 57,
    "title": "つなぐPainful Hope",
    "name": "event_painful_2022",
    "chapters": [
      {
        "title": "新曲オファー？",
        "assetName": "event_57_01"
      },
      {
        "title": "はじめまして！作曲家さん",
        "assetName": "event_57_02"
      },
      {
        "title": "希望を届けられる曲を",
        "assetName": "event_57_03"
      },
      {
        "title": "100万再生！？",
        "assetName": "event_57_04"
      },
      {
        "title": "不穏な予感",
        "assetName": "event_57_05"
      },
      {
        "title": "進む勇気を",
        "assetName": "event_57_06"
      },
      {
        "title": "彼女のエール",
        "assetName": "event_57_07"
      },
      {
        "title": "君が希望をくれたから",
        "assetName": "event_57_08"
      }
    ],
    "cards": [
      422,
      423,
      424,
      425,
      426
    ]
  },
  {
    "id": 58,
    "title": "白熱！神高応援団！",
    "name": "event_cheerteam_2022",
    "chapters": [
      {
        "title": "名物・応援合戦！",
        "assetName": "event_58_01"
      },
      {
        "title": "体育祭にかける想い",
        "assetName": "event_58_02"
      },
      {
        "title": "応援合戦に向けて",
        "assetName": "event_58_03"
      },
      {
        "title": "引っかかり",
        "assetName": "event_58_04"
      },
      {
        "title": "背中を押されて",
        "assetName": "event_58_05"
      },
      {
        "title": "体育祭開幕！",
        "assetName": "event_58_06"
      },
      {
        "title": "中間発表",
        "assetName": "event_58_07"
      },
      {
        "title": "みんなを信じて",
        "assetName": "event_58_08"
      }
    ],
    "cards": [
      428,
      429,
      430,
      431,
      432
    ]
  },
  {
    "id": 59,
    "title": "THE POWER OF UNITY",
    "name": "event_unity_2022",
    "chapters": [
      {
        "title": "小さな手がかり",
        "assetName": "event_59_01"
      },
      {
        "title": "それぞれの想い",
        "assetName": "event_59_02"
      },
      {
        "title": "同志",
        "assetName": "event_59_03"
      },
      {
        "title": "最後のメンバー",
        "assetName": "event_59_04"
      },
      {
        "title": "掴めない気持ち",
        "assetName": "event_59_05"
      },
      {
        "title": "ふわふわのパンケーキ",
        "assetName": "event_59_06"
      },
      {
        "title": "新と相棒",
        "assetName": "event_59_07"
      },
      {
        "title": "一歩、前へ",
        "assetName": "event_59_08"
      }
    ],
    "cards": [
      434,
      435,
      436,
      437,
      438
    ]
  },
  {
    "id": 60,
    "title": "青空に願うユア・ハピネス！",
    "name": "event_happiness_2022",
    "chapters": [
      {
        "title": "私がモデル！？",
        "assetName": "event_60_01"
      },
      {
        "title": "花嫁らしさを目指して",
        "assetName": "event_60_02"
      },
      {
        "title": "もうひとりの花嫁",
        "assetName": "event_60_03"
      },
      {
        "title": "祝福の衣装",
        "assetName": "event_60_04"
      },
      {
        "title": "曇りだす空",
        "assetName": "event_60_05"
      },
      {
        "title": "あなたらしい花嫁に",
        "assetName": "event_60_06"
      },
      {
        "title": "青空に願う想い",
        "assetName": "event_60_07"
      },
      {
        "title": "これからも、私らしく！",
        "assetName": "event_60_08"
      }
    ],
    "cards": [
      440,
      441,
      442,
      443,
      444
    ]
  },
  {
    "id": 61,
    "title": "迷い子の手を引く、そのさきは",
    "name": "event_maigo_2022",
    "chapters": [
      {
        "title": "“いつもどおり”の日常",
        "assetName": "event_61_01"
      },
      {
        "title": "その糸は、とても緩やかに",
        "assetName": "event_61_02"
      },
      {
        "title": "セカイの新たな一員",
        "assetName": "event_61_03"
      },
      {
        "title": "揺れる心",
        "assetName": "event_61_04"
      },
      {
        "title": "心、迷子",
        "assetName": "event_61_05"
      },
      {
        "title": "楽しげな騒がしさ",
        "assetName": "event_61_06"
      },
      {
        "title": "在りし日の記憶",
        "assetName": "event_61_07"
      },
      {
        "title": "私にとって、この場所は",
        "assetName": "event_61_08"
      }
    ],
    "cards": [
      445,
      446,
      447,
      448,
      449
    ]
  },
  {
    "id": 62,
    "title": "絶体絶命！？アイランドパニック！",
    "name": "event_island_2022",
    "chapters": [
      {
        "title": "見慣れぬ海岸で",
        "assetName": "event_62_01"
      },
      {
        "title": "無人島サバイバル！",
        "assetName": "event_62_02"
      },
      {
        "title": "未開の森へ",
        "assetName": "event_62_03"
      },
      {
        "title": "届かないバナナ",
        "assetName": "event_62_04"
      },
      {
        "title": "猿、捕獲作戦！",
        "assetName": "event_62_05"
      },
      {
        "title": "思いがけない贈り物",
        "assetName": "event_62_06"
      },
      {
        "title": "みんなで一緒に",
        "assetName": "event_62_07"
      },
      {
        "title": "最高のチームワークで！",
        "assetName": "event_62_08"
      }
    ],
    "cards": [
      450,
      451,
      452,
      453,
      454
    ]
  },
  {
    "id": 63,
    "title": "みんなでエンジョイ！スポジョイパーク",
    "name": "event_sports_2022",
    "chapters": [
      {
        "title": "運動しようかな",
        "assetName": "event_63_01"
      },
      {
        "title": "いざ、体力づくり！",
        "assetName": "event_63_02"
      },
      {
        "title": "みんなでスポジョイパーク！",
        "assetName": "event_63_03"
      },
      {
        "title": "アイドルの指導！",
        "assetName": "event_63_04"
      },
      {
        "title": "２対２で勝負！",
        "assetName": "event_63_05"
      },
      {
        "title": "自分の気持ちを",
        "assetName": "event_63_06"
      },
      {
        "title": "一緒に楽しんで",
        "assetName": "event_63_07"
      },
      {
        "title": "つながる笑顔",
        "assetName": "event_63_08"
      }
    ],
    "cards": [
      458,
      459,
      460,
      461,
      462
    ]
  },
  {
    "id": 64,
    "title": "The Vivid Old Tale",
    "name": "event_tale_2022",
    "chapters": [
      {
        "title": "ヒントを探そう！",
        "assetName": "event_64_01"
      },
      {
        "title": "古瀧凪という人",
        "assetName": "event_64_02"
      },
      {
        "title": "ストリートの日常",
        "assetName": "event_64_03"
      },
      {
        "title": "大人の事情",
        "assetName": "event_64_04"
      },
      {
        "title": "すれ違いのストリート",
        "assetName": "event_64_05"
      },
      {
        "title": "冷たい雨",
        "assetName": "event_64_06"
      },
      {
        "title": "私は、この街が",
        "assetName": "event_64_07"
      },
      {
        "title": "街の灯",
        "assetName": "event_64_08"
      }
    ],
    "cards": [
      463,
      464,
      465,
      466,
      467
    ]
  },
  {
    "id": 65,
    "title": "No seek No find",
    "name": "event_noseek_2022",
    "chapters": [
      {
        "title": "次のステップへ",
        "assetName": "event_65_01"
      },
      {
        "title": "初めてのライブハウス",
        "assetName": "event_65_02"
      },
      {
        "title": "届かないメロディー",
        "assetName": "event_65_03"
      },
      {
        "title": "込められた気持ち",
        "assetName": "event_65_04"
      },
      {
        "title": "感情の不協和音",
        "assetName": "event_65_05"
      },
      {
        "title": "暗闇に差す光",
        "assetName": "event_65_06"
      },
      {
        "title": "この想い、出しきるまで",
        "assetName": "event_65_07"
      },
      {
        "title": "最高の一曲を",
        "assetName": "event_65_08"
      }
    ],
    "cards": [
      469,
      470,
      471,
      472,
      473
    ]
  },
  {
    "id": 66,
    "title": "close game/OFFLINE",
    "name": "event_cyber_2022",
    "chapters": [
      {
        "title": "ワクワクゲーム大会開催！？",
        "assetName": "event_66_01"
      },
      {
        "title": "選手登場！",
        "assetName": "event_66_02"
      },
      {
        "title": "意外なライバル",
        "assetName": "event_66_03"
      },
      {
        "title": "ナンバーワンのプリシは",
        "assetName": "event_66_04"
      },
      {
        "title": "みんなでぷよぷよ！",
        "assetName": "event_66_05"
      },
      {
        "title": "迫りくる闇",
        "assetName": "event_66_06"
      },
      {
        "title": "生き残るために",
        "assetName": "event_66_07"
      },
      {
        "title": "笑顔でGG！",
        "assetName": "event_66_08"
      }
    ],
    "cards": [
      475,
      476,
      477,
      478,
      479
    ]
  },
  {
    "id": 67,
    "title": "青空の先、輝きを追いかけて",
    "name": "event_blue_2022",
    "chapters": [
      {
        "title": "ワンマンライブに向けて",
        "assetName": "event_67_01"
      },
      {
        "title": "特別企画！24時間生配信！",
        "assetName": "event_67_02"
      },
      {
        "title": "ドキドキアイドルスマイル",
        "assetName": "event_67_03"
      },
      {
        "title": "着実な進歩",
        "assetName": "event_67_04"
      },
      {
        "title": "似たもの同士",
        "assetName": "event_67_05"
      },
      {
        "title": "自分らしいやりかた",
        "assetName": "event_67_06"
      },
      {
        "title": "光を追いかけて",
        "assetName": "event_67_07"
      },
      {
        "title": "ワンマン成功祈願！",
        "assetName": "event_67_08"
      }
    ],
    "cards": [
      481,
      482,
      483,
      484,
      485
    ]
  },
  {
    "id": 68,
    "title": "そしていま、リボンを結んで",
    "name": "event_ribbon_2022",
    "chapters": [
      {
        "title": "重なっていた歳月",
        "assetName": "event_68_01"
      },
      {
        "title": "姉からの贈り物",
        "assetName": "event_68_02"
      },
      {
        "title": "緩やかに、沈む",
        "assetName": "event_68_03"
      },
      {
        "title": "ボク達をつないだ絵",
        "assetName": "event_68_04"
      },
      {
        "title": "苦しみの底、取った筆の先",
        "assetName": "event_68_05"
      },
      {
        "title": "【K】との出会い",
        "assetName": "event_68_06"
      },
      {
        "title": "初めての共作",
        "assetName": "event_68_07"
      },
      {
        "title": "ボクが進みたい道は",
        "assetName": "event_68_08"
      }
    ],
    "cards": [
      486,
      487,
      488,
      489,
      490
    ]
  },
  {
    "id": 69,
    "title": "Don't lose faith!",
    "name": "event_faith_2022",
    "chapters": [
      {
        "title": "音楽性の証明",
        "assetName": "event_69_01"
      },
      {
        "title": "一皮剥けるために",
        "assetName": "event_69_02"
      },
      {
        "title": "集中特訓、開始",
        "assetName": "event_69_03"
      },
      {
        "title": "不安を蹴散らして",
        "assetName": "event_69_04"
      },
      {
        "title": "全力の音",
        "assetName": "event_69_05"
      },
      {
        "title": "約束の日",
        "assetName": "event_69_06"
      },
      {
        "title": "私達の全力",
        "assetName": "event_69_07"
      },
      {
        "title": "鳴りやまない残響",
        "assetName": "event_69_08"
      }
    ],
    "cards": [
      493,
      494,
      495,
      496,
      497
    ]
  },
  {
    "id": 70,
    "title": "好きを描いて♪レインボーキャンバス",
    "name": "event_rainbow_2022",
    "chapters": [
      {
        "title": "ふたつの悩み",
        "assetName": "event_70_01"
      },
      {
        "title": "教えてください！",
        "assetName": "event_70_02"
      },
      {
        "title": "練習場所は？",
        "assetName": "event_70_03"
      },
      {
        "title": "絵名先生のお絵描き教室！",
        "assetName": "event_70_04"
      },
      {
        "title": "うまく描くためには",
        "assetName": "event_70_05"
      },
      {
        "title": "描きたいように",
        "assetName": "event_70_06"
      },
      {
        "title": "いざ、幼稚園へ！",
        "assetName": "event_70_07"
      },
      {
        "title": "絵がつなぐ笑顔",
        "assetName": "event_70_08"
      }
    ],
    "cards": [
      499,
      500,
      501,
      502,
      503
    ]
  },
  {
    "id": 71,
    "title": "Walk on and on",
    "name": "event_walk_2022",
    "chapters": [
      {
        "title": "イベントに向けて",
        "assetName": "event_71_01"
      },
      {
        "title": "未完成のトラック",
        "assetName": "event_71_02"
      },
      {
        "title": "サンプリング講座！",
        "assetName": "event_71_03"
      },
      {
        "title": "一緒に作曲をしよう！",
        "assetName": "event_71_04"
      },
      {
        "title": "自分の居場所",
        "assetName": "event_71_05"
      },
      {
        "title": "伝わるといいな",
        "assetName": "event_71_06"
      },
      {
        "title": "込められた願い",
        "assetName": "event_71_07"
      },
      {
        "title": "今度は俺の番だ",
        "assetName": "event_71_08"
      }
    ],
    "cards": [
      504,
      505,
      506,
      507,
      508
    ]
  },
  {
    "id": 72,
    "title": "この祭に 夕闇色も",
    "name": "event_festival_2022",
    "chapters": [
      {
        "title": "『シブヤ・フェスタ』",
        "assetName": "event_72_01"
      },
      {
        "title": "それぞれの経緯",
        "assetName": "event_72_02"
      },
      {
        "title": "祭りの前夜",
        "assetName": "event_72_03"
      },
      {
        "title": "シブヤ・フェスタ、スタート！",
        "assetName": "event_72_04"
      },
      {
        "title": "その１枚に、想いをこめて",
        "assetName": "event_72_05"
      },
      {
        "title": "ステージの上の輝き",
        "assetName": "event_72_06"
      },
      {
        "title": "祭りの裏側",
        "assetName": "event_72_07"
      },
      {
        "title": "私のやりたいこと",
        "assetName": "event_72_08"
      },
      {
        "title": "感謝の言葉",
        "assetName": "event_72_09"
      },
      {
        "title": "夕闇に響く音色",
        "assetName": "event_72_10"
      }
    ],
    "cards": [
      511,
      512,
      513,
      514,
      515
    ]
  },
  {
    "id": 73,
    "title": "拝啓、あの頃のわたしへ",
    "name": "event_then_2022",
    "chapters": [
      {
        "title": "ワンマンライブ直前！",
        "assetName": "event_73_01"
      },
      {
        "title": "思い出のディスク",
        "assetName": "event_73_02"
      },
      {
        "title": "ASRUNライブ予習講座！",
        "assetName": "event_73_03"
      },
      {
        "title": "HONEY in 東京",
        "assetName": "event_73_04"
      },
      {
        "title": "本物の『アイドル』",
        "assetName": "event_73_05"
      },
      {
        "title": "ワンマンライブ開幕",
        "assetName": "event_73_06"
      },
      {
        "title": "ステージにかける想い",
        "assetName": "event_73_07"
      },
      {
        "title": "応援に応えるために",
        "assetName": "event_73_08"
      }
    ],
    "cards": [
      517,
      518,
      519,
      520,
      521
    ]
  },
  {
    "id": 74,
    "title": "カーテンコールに惜別を",
    "name": "event_curtaincall_2022",
    "chapters": [
      {
        "title": "宣伝公演終了！？",
        "assetName": "event_74_01"
      },
      {
        "title": "玄武 旭",
        "assetName": "event_74_02"
      },
      {
        "title": "ふたりの主演",
        "assetName": "event_74_03"
      },
      {
        "title": "食べよう！同じ釜の飯",
        "assetName": "event_74_04"
      },
      {
        "title": "思いがけない言葉",
        "assetName": "event_74_05"
      },
      {
        "title": "どちらも大事な",
        "assetName": "event_74_06"
      },
      {
        "title": "最後の宣伝公演",
        "assetName": "event_74_07"
      },
      {
        "title": "僕の想いは",
        "assetName": "event_74_08"
      }
    ],
    "cards": [
      522,
      523,
      524,
      525,
      526
    ]
  },
  {
    "id": 75,
    "title": "絶叫！？ オオカミの森へようこそ！",
    "name": "event_scream_2022",
    "chapters": [
      {
        "title": "文化祭の出し物は",
        "assetName": "event_75_01"
      },
      {
        "title": "お化け屋敷を作ろう！",
        "assetName": "event_75_02"
      },
      {
        "title": "スタート！宮女文化祭！",
        "assetName": "event_75_03"
      },
      {
        "title": "私がオオカミ？",
        "assetName": "event_75_04"
      },
      {
        "title": "爆走！こはねオオカミ！",
        "assetName": "event_75_05"
      },
      {
        "title": "きっと、今からだって",
        "assetName": "event_75_06"
      },
      {
        "title": "みんなとちょっとだけ暗い森",
        "assetName": "event_75_07"
      },
      {
        "title": "たしかに残るもの",
        "assetName": "event_75_08"
      }
    ],
    "cards": [
      528,
      529,
      530,
      531,
      532
    ]
  },
  {
    "id": 76,
    "title": "Echo my melody",
    "name": "event_echo_2022",
    "chapters": [
      {
        "title": "繋がらないメロディー",
        "assetName": "event_76_01"
      },
      {
        "title": "思わぬ救世主",
        "assetName": "event_76_02"
      },
      {
        "title": "調律を共に",
        "assetName": "event_76_03"
      },
      {
        "title": "選択の先に",
        "assetName": "event_76_04"
      },
      {
        "title": "動画撮影！",
        "assetName": "event_76_05"
      },
      {
        "title": "選択する勇気",
        "assetName": "event_76_06"
      },
      {
        "title": "世界に響く歌声を",
        "assetName": "event_76_07"
      },
      {
        "title": "届けたい音色",
        "assetName": "event_76_08"
      }
    ],
    "cards": [
      535,
      536,
      537,
      538,
      539
    ]
  },
  {
    "id": 77,
    "title": "願いは、いつか朝をこえて",
    "name": "event_wish_2022",
    "chapters": [
      {
        "title": "表現したいもの",
        "assetName": "event_77_01"
      },
      {
        "title": "抑えこまれた想い",
        "assetName": "event_77_02"
      },
      {
        "title": "衝動",
        "assetName": "event_77_03"
      },
      {
        "title": "あたたかな雰囲気の中で",
        "assetName": "event_77_04"
      },
      {
        "title": "まふゆをモデルに",
        "assetName": "event_77_05"
      },
      {
        "title": "わからない、本心",
        "assetName": "event_77_06"
      },
      {
        "title": "隣で見えた光",
        "assetName": "event_77_07"
      },
      {
        "title": "私が表現したいもの",
        "assetName": "event_77_08"
      }
    ],
    "cards": [
      540,
      541,
      542,
      543,
      544
    ]
  },
  {
    "id": 78,
    "title": "あの日の夢の、彼方向こうへ",
    "name": "event_beyond_2022",
    "chapters": [
      {
        "title": "想い詰まったファンレター",
        "assetName": "event_78_01"
      },
      {
        "title": "新たなる目標",
        "assetName": "event_78_02"
      },
      {
        "title": "思わぬ依頼",
        "assetName": "event_78_03"
      },
      {
        "title": "想いの届けかた",
        "assetName": "event_78_04"
      },
      {
        "title": "アイドルのルーツ",
        "assetName": "event_78_05"
      },
      {
        "title": "笑顔のお姫さま",
        "assetName": "event_78_06"
      },
      {
        "title": "希望の継承",
        "assetName": "event_78_07"
      },
      {
        "title": "まだ見ぬ人達へ",
        "assetName": "event_78_08"
      }
    ],
    "cards": [
      545,
      546,
      547,
      548,
      549
    ]
  },
  {
    "id": 79,
    "title": "Find A Way Out",
    "name": "event_way_2022",
    "chapters": [
      {
        "title": "乾杯！",
        "assetName": "event_79_01"
      },
      {
        "title": "伝説が始まった場所",
        "assetName": "event_79_02"
      },
      {
        "title": "イルミネーションを見せて！",
        "assetName": "event_79_03"
      },
      {
        "title": "この街のどんなヤツらも超えて",
        "assetName": "event_79_04"
      },
      {
        "title": "因縁のCrawl Green",
        "assetName": "event_79_05"
      },
      {
        "title": "もし限界があるのなら",
        "assetName": "event_79_06"
      },
      {
        "title": "あいつに似た瞳",
        "assetName": "event_79_07"
      },
      {
        "title": "まだ遠くても、いつか",
        "assetName": "event_79_08"
      }
    ],
    "cards": [
      551,
      552,
      553,
      554,
      555
    ]
  },
  {
    "id": 80,
    "title": "弓引け、白の世界で",
    "name": "event_kyudo_2022",
    "chapters": [
      {
        "title": "いつか見た顔",
        "assetName": "event_80_01"
      },
      {
        "title": "完璧になりたくて",
        "assetName": "event_80_02"
      },
      {
        "title": "この一瞬のためだけに",
        "assetName": "event_80_03"
      },
      {
        "title": "雪の弓道場で",
        "assetName": "event_80_04"
      },
      {
        "title": "伝えるために",
        "assetName": "event_80_05"
      },
      {
        "title": "力になりたい、けれど",
        "assetName": "event_80_06"
      },
      {
        "title": "今はただ、この一射を",
        "assetName": "event_80_07"
      },
      {
        "title": "少しあたたかい雪",
        "assetName": "event_80_08"
      }
    ],
    "cards": [
      556,
      557,
      558,
      559,
      560
    ]
  },
  {
    "id": 81,
    "title": "新春！ 獅子舞ロボのお正月ショー！",
    "name": "event_liondance_2023",
    "chapters": [
      {
        "title": "みんなでお正月ショー",
        "assetName": "event_81_01"
      },
      {
        "title": "助っ人登場！",
        "assetName": "event_81_02"
      },
      {
        "title": "海と流星群",
        "assetName": "event_81_03"
      },
      {
        "title": "アイドルといえば初日の出！？",
        "assetName": "event_81_04"
      },
      {
        "title": "ゲレンデをビビッドに",
        "assetName": "event_81_05"
      },
      {
        "title": "憩う場に、宵の旋律",
        "assetName": "event_81_06"
      },
      {
        "title": "つながる新年",
        "assetName": "event_81_07"
      },
      {
        "title": "枕の下に大きな夢を",
        "assetName": "event_81_08"
      }
    ],
    "cards": [
      565,
      566,
      567,
      568,
      569
    ]
  },
  {
    "id": 82,
    "title": "夢の途中、輝く星たちへ",
    "name": "event_shining_2023",
    "chapters": [
      {
        "title": "羽ばたくために",
        "assetName": "event_82_01"
      },
      {
        "title": "ワークショップの成果",
        "assetName": "event_82_02"
      },
      {
        "title": "いつも、そこにいるのに",
        "assetName": "event_82_03"
      },
      {
        "title": "不思議な気持ち",
        "assetName": "event_82_04"
      },
      {
        "title": "笑顔にするために",
        "assetName": "event_82_05"
      },
      {
        "title": "ワクワクフェニラン！",
        "assetName": "event_82_06"
      },
      {
        "title": "みんながいたから",
        "assetName": "event_82_07"
      },
      {
        "title": "輝きを見ていたいから",
        "assetName": "event_82_08"
      }
    ],
    "cards": [
      571,
      572,
      573,
      574,
      575
    ]
  },
  {
    "id": 83,
    "title": "Little Bravers！",
    "name": "event_bravers_2023",
    "chapters": [
      {
        "title": "転機",
        "assetName": "event_83_01"
      },
      {
        "title": "ワンマンの壁",
        "assetName": "event_83_02"
      },
      {
        "title": "重い足取り",
        "assetName": "event_83_03"
      },
      {
        "title": "ワンマンの先輩から",
        "assetName": "event_83_04"
      },
      {
        "title": "心震わせるために",
        "assetName": "event_83_05"
      },
      {
        "title": "売れるための武器",
        "assetName": "event_83_06"
      },
      {
        "title": "わたし達の大切なこと",
        "assetName": "event_83_07"
      },
      {
        "title": "みんなの背中を",
        "assetName": "event_83_08"
      }
    ],
    "cards": [
      576,
      577,
      578,
      579,
      580
    ]
  },
  {
    "id": 84,
    "title": "キャンドルの香りは思い出と共に",
    "name": "event_candle_2023",
    "chapters": [
      {
        "title": "ドキドキ、バレンタイン！",
        "assetName": "event_84_01"
      },
      {
        "title": "お悩みバレンタイン",
        "assetName": "event_84_02"
      },
      {
        "title": "出陣！　アロマショップ",
        "assetName": "event_84_03"
      },
      {
        "title": "いざ、アロマキャンドル作り！",
        "assetName": "event_84_04"
      },
      {
        "title": "小さな灯り",
        "assetName": "event_84_05"
      },
      {
        "title": "一緒に作ろう",
        "assetName": "event_84_06"
      },
      {
        "title": "みんなへのプレゼント",
        "assetName": "event_84_07"
      },
      {
        "title": "思い出の香り",
        "assetName": "event_84_08"
      }
    ],
    "cards": [
      583,
      584,
      585,
      586,
      587
    ]
  },
  {
    "id": 85,
    "title": "ほどかれた糸のその先に",
    "name": "event_thread_2023",
    "chapters": [
      {
        "title": "波乱の予感",
        "assetName": "event_85_01"
      },
      {
        "title": "過去と対峙する勇気",
        "assetName": "event_85_02"
      },
      {
        "title": "FutureにFeature！",
        "assetName": "event_85_03"
      },
      {
        "title": "あの時のこと",
        "assetName": "event_85_04"
      },
      {
        "title": "Cheerful＊Daysとして",
        "assetName": "event_85_05"
      },
      {
        "title": "アイドル大戦争！",
        "assetName": "event_85_06"
      },
      {
        "title": "からまった糸",
        "assetName": "event_85_07"
      },
      {
        "title": "私が私でいること",
        "assetName": "event_85_08"
      }
    ],
    "cards": [
      589,
      590,
      591,
      592,
      593
    ]
  },
  {
    "id": 86,
    "title": "Kick it up a notch",
    "name": "event_kick_2023",
    "chapters": [
      {
        "title": "一本の電話",
        "assetName": "event_86_01"
      },
      {
        "title": "最後の課題",
        "assetName": "event_86_02"
      },
      {
        "title": "こはねが持つ鍵",
        "assetName": "event_86_03"
      },
      {
        "title": "制服デート♪",
        "assetName": "event_86_04"
      },
      {
        "title": "いざCrawl Greenへ！",
        "assetName": "event_86_05"
      },
      {
        "title": "見守ってくれる人達",
        "assetName": "event_86_06"
      },
      {
        "title": "この歌は",
        "assetName": "event_86_07"
      },
      {
        "title": "最高潮より高いところまで",
        "assetName": "event_86_08"
      }
    ],
    "cards": [
      595,
      596,
      597,
      598,
      599
    ]
  },
  {
    "id": 87,
    "title": "Never Give Up Cooking！",
    "name": "event_cooking_2023",
    "chapters": [
      {
        "title": "素敵なお誘い",
        "assetName": "event_87_01"
      },
      {
        "title": "特別な贈り物",
        "assetName": "event_87_02"
      },
      {
        "title": "頼りになる先生？",
        "assetName": "event_87_03"
      },
      {
        "title": "味見役",
        "assetName": "event_87_04"
      },
      {
        "title": "レッツ、クッキング♪",
        "assetName": "event_87_05"
      },
      {
        "title": "いざ、試食！",
        "assetName": "event_87_06"
      },
      {
        "title": "何度でも",
        "assetName": "event_87_07"
      },
      {
        "title": "ほっとする場所",
        "assetName": "event_87_08"
      }
    ],
    "cards": [
      600,
      601,
      602,
      603,
      604
    ]
  },
  {
    "id": 88,
    "title": "天の果てのフェニックスへ",
    "name": "event_sky_2023",
    "chapters": [
      {
        "title": "出陣！　フェニックスステージ",
        "assetName": "event_88_01"
      },
      {
        "title": "ハッピーフェニックス",
        "assetName": "event_88_02"
      },
      {
        "title": "憧れのスター",
        "assetName": "event_88_03"
      },
      {
        "title": "彼女の演技",
        "assetName": "event_88_04"
      },
      {
        "title": "試練",
        "assetName": "event_88_05"
      },
      {
        "title": "頂は遠く",
        "assetName": "event_88_06"
      },
      {
        "title": "届かない。だから",
        "assetName": "event_88_07"
      },
      {
        "title": "進む一歩",
        "assetName": "event_88_08"
      }
    ],
    "cards": [
      606,
      607,
      608,
      609,
      610
    ]
  },
  {
    "id": 89,
    "title": "イミシブル・ディスコード",
    "name": "event_immiscible_2023",
    "chapters": [
      {
        "title": "不穏な通知",
        "assetName": "event_89_01"
      },
      {
        "title": "ファーストコンタクト",
        "assetName": "event_89_02"
      },
      {
        "title": "生まれる迷い",
        "assetName": "event_89_03"
      },
      {
        "title": "私達にできること",
        "assetName": "event_89_04"
      },
      {
        "title": "意思表示の果てに",
        "assetName": "event_89_05"
      },
      {
        "title": "認めたくない",
        "assetName": "event_89_06"
      },
      {
        "title": "『お母さん』",
        "assetName": "event_89_07"
      },
      {
        "title": "重ならない音",
        "assetName": "event_89_08"
      }
    ],
    "cards": [
      612,
      613,
      614,
      615,
      616
    ]
  },
  {
    "id": 90,
    "title": "交響する街の片隅で",
    "name": "event_citycorner_2023",
    "chapters": [
      {
        "title": "圧倒される歌声",
        "assetName": "event_90_01"
      },
      {
        "title": "バンドとは違う音",
        "assetName": "event_90_02"
      },
      {
        "title": "偶然の再会",
        "assetName": "event_90_03"
      },
      {
        "title": "気になる横顔",
        "assetName": "event_90_04"
      },
      {
        "title": "２匹の金魚",
        "assetName": "event_90_05"
      },
      {
        "title": "力強さの中には",
        "assetName": "event_90_06"
      },
      {
        "title": "同じ気持ち",
        "assetName": "event_90_07"
      },
      {
        "title": "交響する音と心と",
        "assetName": "event_90_08"
      }
    ],
    "cards": [
      619,
      620,
      621,
      622,
      623
    ]
  },
  {
    "id": 91,
    "title": "Get over it.",
    "name": "event_getover_2023",
    "chapters": [
      {
        "title": "誰かの胸を打つ音楽を",
        "assetName": "event_91_01"
      },
      {
        "title": "全力を出し切って",
        "assetName": "event_91_02"
      },
      {
        "title": "未来の行く末",
        "assetName": "event_91_03"
      },
      {
        "title": "プロとしての意識",
        "assetName": "event_91_04"
      },
      {
        "title": "『一番』持つべき気持ちは",
        "assetName": "event_91_05"
      },
      {
        "title": "いざ目の前にしたら",
        "assetName": "event_91_06"
      },
      {
        "title": "『昔話』",
        "assetName": "event_91_07"
      },
      {
        "title": "アタシ達らしい音楽を",
        "assetName": "event_91_08"
      }
    ],
    "cards": [
      624,
      625,
      626,
      627,
      628
    ]
  },
  {
    "id": 92,
    "title": "Re-tie Friendship",
    "name": "event_retie_2023",
    "chapters": [
      {
        "title": "忙しい毎日",
        "assetName": "event_92_01"
      },
      {
        "title": "新しいやりかた",
        "assetName": "event_92_02"
      },
      {
        "title": "ふたりの選択",
        "assetName": "event_92_03"
      },
      {
        "title": "ちゃんと考えなきゃ",
        "assetName": "event_92_04"
      },
      {
        "title": "忘れられない記憶",
        "assetName": "event_92_05"
      },
      {
        "title": "距離",
        "assetName": "event_92_06"
      },
      {
        "title": "消えないつながり",
        "assetName": "event_92_07"
      },
      {
        "title": "新たな一歩へ",
        "assetName": "event_92_08"
      }
    ],
    "cards": [
      630,
      631,
      632,
      633,
      634
    ]
  }
]