[
  {
    "id": 1,
    "isBirthday": false,
    "cards": [
      195,
      196
    ]
  },
  {
    "id": 2,
    "isBirthday": false,
    "cards": [
      242,
      243
    ]
  },
  {
    "id": 3,
    "isBirthday": false,
    "cards": [
      289,
      290
    ]
  },
  {
    "id": 1,
    "isBirthday": false,
    "cards": [
      335,
      336,
      337,
      338,
      339
    ],
    "collaboration": "\u60aa\u30ce\u5927\u7f6a"
  },
  {
    "id": 1,
    "isBirthday": true,
    "cards": [
      295,
      306,
      312,
      318,
      329,
      346,
      347
    ]
  },
  {
    "id": 4,
    "isBirthday": false,
    "cards": [
      348,
      349
    ]
  },
  {
    "id": 2,
    "isBirthday": true,
    "cards": [
      355,
      366,
      367,
      378,
      379,
      390,
      396
    ]
  },
  {
    "id": 5,
    "isBirthday": false,
    "cards": [
      402,
      403
    ]
  },
  {
    "id": 3,
    "isBirthday": true,
    "cards": [
      415,
      421,
      427,
      433,
      439,
      455
    ]
  },
  {
    "id": 6,
    "isBirthday": false,
    "cards": [
      456,
      457
    ]
  },
  {
    "id": 4,
    "isBirthday": true,
    "cards": [
      468,
      474,
      480,
      491,
      492,
      498
    ]
  },
  {
    "id": 7,
    "isBirthday": false,
    "cards": [
      509,
      510
    ]
  },
  {
    "id": 5,
    "isBirthday": true,
    "cards": [
      516,
      527,
      533,
      534,
      550,
      561,
      562
    ]
  },
  {
    "id": 8,
    "isBirthday": false,
    "cards": [
      563,
      564
    ]
  },
  {
    "id": 6,
    "isBirthday": true,
    "cards": [
      570,
      581,
      582,
      588,
      594,
      605,
      611
    ]
  },
  {
    "id": 9,
    "isBirthday": false,
    "cards": [
      617,
      618
    ]
  },
  {
    "id": 7,
    "isBirthday": true,
    "cards": [
      629
    ]
  }
]