[
  {
    "title": "一周年カウントダウンムービー01",
    "dirName": "story_1st_countdown",
    "fileName": "1st_countdown_01"
  },
  {
    "title": "一周年カウントダウンムービー02",
    "dirName": "story_1st_countdown",
    "fileName": "1st_countdown_02"
  },
  {
    "title": "一周年カウントダウンムービー03",
    "dirName": "story_1st_countdown",
    "fileName": "1st_countdown_03"
  },
  {
    "title": "一周年カウントダウンムービー04",
    "dirName": "story_1st_countdown",
    "fileName": "1st_countdown_04"
  },
  {
    "title": "一周年カウントダウンムービー05",
    "dirName": "story_1st_countdown",
    "fileName": "1st_countdown_05"
  },
  {
    "title": "一周年カウントダウンムービー06",
    "dirName": "story_1st_countdown",
    "fileName": "1st_countdown_06"
  },
  {
    "title": "遷移テスト用ストーリー_コラボのセカイ",
    "dirName": "story_collaboration_akuno",
    "fileName": "collaboration_akuno_op_01"
  },
  {
    "title": "エイプリルフール2022導入ムービー",
    "dirName": "story_aprilfool_2022",
    "fileName": "aprilfool_2022_01"
  },
  {
    "title": "エイプリルフール2022後日談ムービー",
    "dirName": "story_aprilfool_2022",
    "fileName": "aprilfool_2022_02"
  },
  {
    "title": "ビビバスコネクトライブ前日ストーリー",
    "dirName": "story_connect_live_01",
    "fileName": "connect_live_01_01"
  },
  {
    "title": "ポカリスエットコラボストーリー",
    "dirName": "story_collaboration_pocari_01",
    "fileName": "collaboration_pocari_01_01"
  },
  {
    "title": "2周年カウントダウンムービー01",
    "dirName": "story_2nd_countdown",
    "fileName": "2nd_countdown_01"
  },
  {
    "title": "2周年カウントダウンムービー02",
    "dirName": "story_2nd_countdown",
    "fileName": "2nd_countdown_02"
  },
  {
    "title": "2周年カウントダウンムービー03",
    "dirName": "story_2nd_countdown",
    "fileName": "2nd_countdown_03"
  },
  {
    "title": "2周年カウントダウンムービー04",
    "dirName": "story_2nd_countdown",
    "fileName": "2nd_countdown_04"
  },
  {
    "title": "2周年カウントダウンムービー05",
    "dirName": "story_2nd_countdown",
    "fileName": "2nd_countdown_05"
  },
  {
    "title": "2周年カウントダウンムービー06",
    "dirName": "story_2nd_countdown",
    "fileName": "2nd_countdown_06"
  },
  {
    "title": "2周年コネクトライブ前日ストーリー",
    "dirName": "story_connect_live_02",
    "fileName": "connect_live_02_01"
  },
  {
    "title": "モモジャンコネクトライブ前日ストーリー",
    "dirName": "story_connect_live_01_mmj",
    "fileName": "connect_live_01_mmj_01"
  },
  {
    "title": "エイプリルフール2023導入ムービー",
    "dirName": "story_aprilfool_2023",
    "fileName": "aprilfool_2023_01"
  },
  {
    "title": "エイプリルフール2023後日談ムービー",
    "dirName": "story_aprilfool_2023",
    "fileName": "aprilfool_2023_02"
  }
]